Customer_ID,Age,Annual_Income,Gender,City,Signup_Date,Last_Login,Account_Status,Loyalty_Score,Feedback
1,66.0,58022.74245909569,M,Unknown,2022-12-10,2023-02-11 13:01:00,Inactive,26.093664036188272,No Feedback
2,29.0,105959.17951994164,Unknown,Los Angeles,2022-03-05,,Inactive,74.70697301505821,No Feedback
3,75.0,83723.56364648242,Female,Unknown,2022-03-22,,Unknown,64.39849013546214,Good
4,35.0,65142.76260187943,Other,Los Angeles,2022-12-11,2023-01-03 02:59:00,Active,23.000279069700124,Average
5,38.0,88077.95082396566,Unknown,New York,2022-05-16,2023-06-04 07:28:00,Inactive,99.2842488199844,Average
6,17.0,50089.85327061033,Other,Nyc,2022-08-07,,Active,56.53528955323017,Good
7,36.0,22904.28391681389,Other,Unknown,2022-12-06,2023-11-08 21:25:00,Unknown,59.20633439760678,No Feedback
8,67.0,40208.3388485052,F,New York,2022-08-08,,Suspended,94.8845035987216,No Feedback
9,16.0,62944.156587392055,Other,Nyc,2022-05-03,2023-05-10 11:53:00,Pending,84.78911441656426,Bad
10,44.0,55549.1705565772,M,Los Angeles,2022-06-06,,Suspended,65.62274951664321,Good
11,52.0,76488.3077651492,F,Unknown,2022-11-26,2023-01-03 03:13:00,Suspended,66.58427881652511,No Feedback
12,16.0,57507.72437313061,Male,New York,2022-03-11,,Unknown,68.45570192341734,No Feedback
13,78.0,74960.6945192345,Other,Los Angeles,2022-03-22,2023-01-03 03:13:00,Inactive,45.18065736575968,No Feedback
14,74.0,90019.4326112858,Other,La,2022-05-26,2023-11-01 20:14:00,Pending,55.73585795088395,Average
15,35.0,57446.08298778457,Male,Los Angeles,2022-07-22,,Inactive,61.486409881494254,Bad
16,47.0,71102.90577422242,Other,Los Angeles,2022-01-09,,Unknown,47.464348112431765,Good
17,72.0,24904.263188495323,Male,New York,2022-03-11,2023-02-12 04:44:00,Suspended,30.69160980568894,Average
18,36.0,57522.12042518882,F,La,2022-12-21,,Unknown,44.67739197382664,No Feedback
19,63.0,35360.837485079566,M,New York,2022-08-14,,Active,30.241347841881584,No Feedback
20,73.0,62904.53554258694,Male,Los Angeles,2022-11-25,2023-04-03 23:53:00,Suspended,51.287451417444615,Average
21,56.0,64719.99513354662,Female,La,2022-06-06,2023-06-03 12:42:00,Inactive,14.390856959869735,No Feedback
22,74.0,64653.52715827589,Male,Los Angeles,2022-11-21,,Suspended,56.82077021015095,No Feedback
23,29.0,50397.54820407413,Other,Unknown,2022-04-10,2023-07-08 10:38:00,Active,17.374510088636704,Good
24,76.0,105969.37723469669,Unknown,Los Angeles,2022-03-03,,Unknown,41.9305388001399,Good
25,76.0,34639.56976713864,Unknown,New York,2022-11-01,2023-03-01 07:07:00,Unknown,60.08202148961691,Good
26,61.0,33417.08345676967,F,Unknown,2022-02-08,,Unknown,65.8229342302506,Average
27,76.0,93099.5675147317,Unknown,Nyc,2022-11-03,2023-05-10 11:53:00,Inactive,63.44718417767002,No Feedback
28,65.0,45914.417388202135,F,La,2022-11-02,,Suspended,56.39467828947761,Bad
29,69.0,41106.1862492714,Unknown,Unknown,2022-11-01,2023-05-03 11:11:00,Inactive,27.614533695050163,No Feedback
30,78.0,106058.23795446224,Unknown,New York,2022-03-12,2023-03-04 04:08:00,Unknown,69.61216709733515,Average
31,17.0,79714.45433647127,Unknown,Los Angeles,2022-11-16,2023-07-11 08:53:00,Suspended,28.07197270989778,Bad
32,65.0,48110.70903723556,Male,Unknown,2022-04-10,2023-06-06 11:07:00,Suspended,71.8915164090865,No Feedback
33,21.0,64350.15811387122,M,New York,2022-09-04,,Inactive,62.55409514963411,No Feedback
34,35.0,98917.42569655368,Female,Unknown,2022-04-23,,Inactive,77.17803029479076,No Feedback
35,53.0,73832.41361901734,F,Unknown,2022-07-15,,Active,50.49736968032594,No Feedback
36,32.0,85722.96910212885,Other,Unknown,2022-02-23,,Unknown,33.62471785577958,Good
37,18.0,76096.06357467611,Unknown,Nyc,2022-05-15,2023-11-06 18:07:00,Active,24.146949516815003,Bad
38,74.0,78605.06691907081,Other,Los Angeles,2022-03-05,2023-02-12 04:44:00,Unknown,26.36841330854148,Average
39,28.0,60794.83391820855,M,La,2022-10-05,2023-07-11 14:53:00,Suspended,17.26450502785974,Bad
40,23.0,60226.96957952438,Unknown,Nyc,2022-07-03,,Inactive,68.8400583387313,No Feedback
41,67.0,65341.007706969074,F,New York,2022-10-05,,Suspended,71.34833906064799,Good
42,16.0,74689.056149006,Male,La,2022-01-26,,Suspended,61.07399850513696,Bad
43,74.0,54333.69368334773,Other,Nyc,2022-08-14,2023-06-03 12:42:00,Pending,49.33918175853442,No Feedback
44,58.0,62441.078690060094,M,Los Angeles,2022-11-04,2023-06-03 13:51:00,Unknown,91.21918872925023,Average
45,22.0,53793.08768088029,F,La,2022-08-18,2023-07-11 08:53:00,Pending,48.037030340719845,No Feedback
46,61.0,62313.69643989058,Unknown,La,2022-07-26,,Suspended,54.41833616287786,No Feedback
47,49.0,34980.07338036306,Unknown,New York,2022-03-01,2023-10-09 06:21:00,Inactive,49.042969733417614,Average
48,50.0,112119.54933919036,F,Los Angeles,2022-07-03,2023-05-03 11:11:00,Suspended,43.233838670731046,Good
49,64.0,45341.19762442248,F,New York,2022-12-05,,Unknown,62.61948979662196,No Feedback
50,18.0,52770.78550481138,F,Los Angeles,2022-06-25,,Pending,37.33006621590954,Average
51,16.0,43614.71212890395,Unknown,Unknown,2022-11-27,,Inactive,35.9884434697072,Average
52,20.0,72314.17498329081,F,Unknown,2022-11-25,2023-09-08 11:25:00,Suspended,63.62938770818708,Average
53,68.0,56079.94737515337,Other,Nyc,2022-05-24,,Unknown,40.047832668753216,Average
54,18.0,40723.84979805564,M,New York,2022-04-16,,Unknown,52.669640561503584,No Feedback
55,68.0,73137.66732448686,Unknown,Nyc,2022-12-05,2023-06-06 11:07:00,Unknown,43.173437604729465,Good
56,77.0,75832.98295845582,F,New York,2022-04-17,,Unknown,49.76897403546704,No Feedback
57,32.0,58662.47351045466,Female,Unknown,2022-05-03,2023-04-02 16:03:00,Suspended,36.53421763066753,Bad
58,58.0,46727.48097235846,Female,New York,2022-06-06,,Unknown,37.188224945018135,No Feedback
59,48.0,103821.32011119436,M,La,2022-02-17,2023-04-03 23:53:00,Inactive,33.605357563794314,Bad
60,76.0,66801.35261050462,Unknown,Unknown,2022-08-20,2023-06-08 03:44:00,Suspended,66.86660219722903,Bad
61,28.0,34518.62030093353,Male,New York,2022-06-06,2023-01-03 02:59:00,Suspended,53.43769668502659,No Feedback
62,62.0,88280.80922005537,Male,Nyc,2022-10-23,2023-06-02 19:32:00,Pending,68.37101647587329,No Feedback
63,29.0,42884.50501174857,Unknown,Los Angeles,2022-06-06,,Unknown,70.50773129087924,Good
64,76.0,114837.56680539832,Unknown,Los Angeles,2022-11-22,2023-12-06 15:16:00,Unknown,40.80171345728653,No Feedback
65,54.0,61593.157150551735,Unknown,La,2022-03-22,,Unknown,67.63169968777127,Good
66,67.0,80266.32072110707,Unknown,Los Angeles,2022-01-03,2023-05-12 19:38:00,Pending,49.71758556133134,No Feedback
67,38.0,18399.648783061974,Male,Nyc,2022-03-01,2023-05-12 19:38:00,Pending,46.82652989041496,Bad
68,40.0,34317.182318200736,Female,Nyc,2022-11-04,,Unknown,75.0473419332155,Good
69,74.0,86677.1923952143,Male,New York,2022-04-10,,Suspended,61.07536925630864,No Feedback
70,55.0,66356.30131258274,Other,Unknown,2022-07-03,2023-10-09 01:47:00,Pending,42.95151489872545,No Feedback
71,43.0,100847.92845428146,F,Nyc,2022-09-04,,Unknown,59.77586631053296,No Feedback
72,29.0,69703.50210459178,Unknown,New York,2022-08-13,,Pending,24.685746956608213,No Feedback
73,59.0,62905.92479482079,Female,Los Angeles,2022-03-01,,Unknown,54.94625962279233,No Feedback
74,79.0,94271.4798164441,M,New York,2022-04-16,2023-11-06 18:07:00,Pending,20.008168982836327,Bad
75,23.0,80202.7399845089,M,New York,2022-11-02,2023-05-12 19:38:00,Unknown,30.31200748263634,No Feedback
76,15.0,56074.77601447421,F,La,2022-07-15,,Pending,61.69279396538238,Bad
78,77.0,12567.686704690115,Male,La,2022-05-03,2023-06-02 19:32:00,Inactive,86.0502371814951,No Feedback
79,25.0,51246.6866039459,Male,Los Angeles,2022-11-07,,Unknown,66.68985441409203,Bad
80,22.0,36273.29809557256,Other,La,2022-05-15,,Unknown,13.229337550205235,No Feedback
81,49.0,111954.09286468769,Other,Nyc,2022-08-13,,Unknown,97.9699721338646,No Feedback
83,47.0,46445.81988749911,M,Los Angeles,2022-01-04,2023-06-02 19:32:00,Pending,46.39016682020523,No Feedback
84,19.0,29575.10250822709,Unknown,New York,2022-10-07,,Unknown,31.47021870599513,No Feedback
85,55.0,54673.653429545935,M,New York,2022-08-14,,Unknown,83.72607148405729,No Feedback
86,42.0,46709.30140715575,Other,New York,2022-05-24,,Active,43.124197251194815,No Feedback
87,21.0,94754.5885748892,F,New York,2022-07-06,2023-11-01 20:14:00,Inactive,53.22079015625708,Bad
88,26.0,63369.52318829969,Male,New York,2022-08-08,2023-04-07 18:53:00,Unknown,74.34579467845535,No Feedback
89,48.0,59822.71954687245,Other,La,2022-01-05,2023-02-12 04:44:00,Unknown,46.92977072413606,No Feedback
90,47.0,57306.544918348045,Other,Los Angeles,2022-03-11,,Active,45.17891499366664,No Feedback
91,62.0,75723.49840378405,Unknown,Los Angeles,2022-02-10,,Pending,24.55210045589563,No Feedback
92,37.0,50953.43668730999,Male,Unknown,2022-04-11,,Unknown,37.38913808523969,No Feedback
93,76.0,73344.12187063677,Unknown,New York,2022-12-19,,Inactive,44.78460307487864,Bad
94,51.0,92279.39641454889,Male,Nyc,2022-04-12,,Unknown,25.228736219306658,No Feedback
95,58.0,69201.50020599294,Unknown,Nyc,2022-05-21,,Pending,27.041283635812444,No Feedback
96,49.0,55005.3743434973,M,New York,2022-02-17,,Unknown,50.6720263328798,Good
97,79.0,40930.81658056197,F,New York,2022-07-15,,Unknown,13.005917086560792,No Feedback
98,61.0,54497.52027305852,F,La,2022-11-05,2023-12-12 03:17:00,Inactive,32.41673968757337,No Feedback
99,17.0,71261.57747945141,Male,New York,2022-02-16,,Suspended,88.89187987194045,Good
100,15.0,29349.45316165357,Female,New York,2022-09-04,2023-06-08 03:44:00,Unknown,43.09062705719855,No Feedback
101,19.0,76630.85515418564,Unknown,New York,2022-08-18,2023-12-12 03:17:00,Suspended,40.58553183592298,Average
102,28.0,64152.25376456129,Other,Los Angeles,2022-11-05,,Unknown,43.00108330970319,No Feedback
103,41.0,57016.21680482562,Other,New York,2022-12-05,,Inactive,43.31695237091335,Average
104,23.0,46811.73177097995,Male,Unknown,2022-07-03,,Active,61.49737739676768,No Feedback
105,29.0,50472.445980612654,Unknown,La,2022-01-05,2023-12-01 20:59:00,Inactive,60.09732306355602,No Feedback
106,56.0,71946.12082930615,Female,New York,2022-07-26,2023-04-07 18:53:00,Inactive,42.1848317387096,Average
107,65.0,57435.76947809778,M,La,2022-08-20,,Active,45.723251537241154,Bad
108,77.0,49977.2006544286,Unknown,Los Angeles,2022-12-09,,Active,76.25546235980119,Bad
109,66.0,69371.26986743046,Unknown,La,2022-02-08,,Pending,19.793904910595,Good
110,18.0,70163.7955498426,Male,Unknown,2022-10-14,2023-04-03 23:53:00,Unknown,48.84835966902558,No Feedback
111,37.0,35016.498773519044,Male,Nyc,2022-12-05,,Pending,52.70493080702464,No Feedback
112,29.0,71429.6139315397,Other,Unknown,2022-08-13,,Active,34.46634279801769,Average
113,57.0,110033.96425720886,Male,Nyc,2022-10-17,,Suspended,47.69726793017405,No Feedback
114,43.0,69392.41578751008,Male,La,2022-05-16,,Suspended,31.76647078396233,No Feedback
115,50.0,26019.85590312665,Male,Nyc,2022-04-22,,Inactive,62.74338141403007,Average
116,27.0,63547.50783679092,Other,Los Angeles,2022-10-05,,Unknown,23.235866889912412,Average
117,46.0,23383.692516126303,M,New York,2022-11-03,,Inactive,71.24667324840118,No Feedback
118,73.0,123347.43344128318,M,Nyc,2022-06-25,2023-12-01 20:59:00,Inactive,48.53389685820885,No Feedback
119,42.0,104713.49373968948,Unknown,Nyc,2022-02-18,2023-03-04 04:08:00,Unknown,41.03932281132578,No Feedback
120,47.0,46681.23034409207,Unknown,La,2022-07-03,,Unknown,29.906058006914527,Average
121,56.0,15086.65602012328,Male,Los Angeles,2022-10-05,,Active,70.61315591974929,Good
122,59.0,42432.57625814431,Unknown,Unknown,2022-02-10,,Suspended,36.962757319320815,Good
123,76.0,56380.18522120553,Other,Unknown,2022-10-26,,Inactive,26.655028810110338,No Feedback
124,71.0,24762.725159205227,M,Unknown,2022-12-11,2023-07-08 10:38:00,Unknown,71.02926638016238,No Feedback
125,20.0,58619.54970007545,Unknown,Unknown,2022-01-08,2023-06-06 11:07:00,Pending,31.91388373010683,No Feedback
126,42.0,56248.42671459496,M,New York,2022-03-12,,Inactive,48.11035371711026,Good
127,42.0,62503.09394125777,M,Unknown,2022-03-12,,Suspended,66.37607551474527,Good
128,58.0,64592.9035387596,Other,La,2022-05-21,2023-08-07 12:58:00,Active,53.15915205561908,No Feedback
129,44.0,40687.64800245697,Unknown,La,2022-11-27,2023-07-11 14:53:00,Inactive,84.61703091739948,No Feedback
130,76.0,42931.71920500691,Unknown,Los Angeles,2022-02-17,,Inactive,33.30099263424645,No Feedback
131,76.0,60911.843289401,Other,Los Angeles,2022-03-01,2023-07-11 08:53:00,Unknown,45.78977326800519,No Feedback
132,15.0,47380.15740252105,Male,Unknown,2022-01-03,,Unknown,47.336437194646365,Bad
133,41.0,78149.89536834511,F,New York,2022-03-01,2023-06-06 11:07:00,Pending,62.42469905147991,Average
134,76.0,60717.89099535399,M,Los Angeles,2022-05-24,2023-12-05 22:28:00,Pending,75.77246255676187,Good
135,17.0,97300.06467994949,F,Unknown,2022-05-21,2023-01-03 03:13:00,Active,51.47233019257394,Bad
136,41.0,76409.64876542451,Other,New York,2022-05-16,2023-08-04 09:25:00,Suspended,47.24672339279432,No Feedback
137,23.0,82074.27738781196,Other,Los Angeles,2022-02-08,2023-11-01 20:14:00,Active,20.340162643402696,Bad
138,76.0,62651.32135929572,Other,La,2022-09-04,,Inactive,52.2476237959339,No Feedback
139,51.0,63147.230025805926,F,La,2022-02-23,,Inactive,36.99399980007093,No Feedback
140,65.0,94626.41159818352,Other,Unknown,2022-12-05,2023-05-12 19:38:00,Pending,62.36872621197539,No Feedback
141,58.0,52434.14232925941,Male,New York,2022-05-24,2023-04-03 23:53:00,Suspended,41.80631621563944,No Feedback
142,38.0,70935.5870833048,Other,Unknown,2022-11-24,,Unknown,45.18723891259857,Bad
143,73.0,54675.24935677085,Female,Nyc,2022-10-26,,Suspended,20.79463970832861,No Feedback
144,46.0,54627.27883225394,Unknown,Unknown,2022-03-06,2023-09-12 19:55:00,Inactive,13.770958324749223,Good
145,66.0,36622.0746851656,F,Unknown,2022-11-25,2023-05-02 09:32:00,Unknown,87.21974080367222,No Feedback
146,76.0,45149.71298286119,Female,Los Angeles,2022-08-20,2023-11-06 18:07:00,Suspended,52.59367819130552,Bad
147,72.0,41434.61097167099,Other,Los Angeles,2022-10-23,,Suspended,58.08670955261217,Good
148,66.0,71887.3761784634,Male,Los Angeles,2022-04-17,,Unknown,31.754100736344935,Bad
149,26.0,80804.11856447325,M,New York,2022-03-21,,Inactive,67.51047214357226,No Feedback
150,53.0,58104.93252843195,Unknown,Nyc,2022-10-23,,Suspended,63.90279791808721,Good
151,16.0,64592.55860327306,Unknown,Los Angeles,2022-10-23,,Unknown,33.951456111543806,No Feedback
152,17.0,56950.57289789808,Unknown,New York,2022-11-22,,Unknown,28.809891283092263,Bad
153,70.0,43784.481602140295,Other,Unknown,2022-09-04,,Unknown,35.34944632345454,No Feedback
154,73.0,77245.26049593757,Unknown,Nyc,2022-11-02,2023-10-09 06:21:00,Inactive,49.43434702585776,Average
155,16.0,73050.69387518958,Unknown,La,2022-11-05,2023-11-06 18:07:00,Unknown,53.34214006280451,No Feedback
156,16.0,22149.080293920728,Male,New York,2022-11-26,,Unknown,50.76788016477302,No Feedback
157,68.0,54337.81997529493,Unknown,Nyc,2022-02-08,,Unknown,75.97460217280408,No Feedback
158,15.0,42359.45317585144,F,Unknown,2022-06-25,2023-10-10 06:47:00,Suspended,35.70086299807883,No Feedback
159,33.0,52181.2286066955,Female,Unknown,2022-02-10,2023-06-02 19:32:00,Inactive,28.26676017942161,Good
160,16.0,46591.36865907481,Female,Nyc,2022-03-11,2023-03-01 07:07:00,Unknown,50.00198043703641,No Feedback
161,67.0,59071.592585172,Female,Unknown,2022-04-10,,Suspended,16.138303683381075,No Feedback
162,58.0,53401.70529733052,F,Unknown,2022-11-26,2023-12-06 15:16:00,Active,63.91474997021236,No Feedback
163,46.0,52977.18612358322,Unknown,La,2022-12-10,,Active,51.95926528952253,Average
164,46.0,82147.76856677426,Male,Los Angeles,2022-05-16,2023-06-03 13:51:00,Inactive,43.23923918180108,No Feedback
165,69.0,71143.57321338498,Unknown,New York,2022-08-11,,Unknown,42.12894253501722,No Feedback
166,70.0,45922.10699399133,F,La,2022-05-15,,Unknown,68.19991564242466,No Feedback
167,31.0,48889.06534373158,Female,Unknown,2022-03-21,2023-11-06 18:07:00,Unknown,67.56295870677062,Good
168,52.0,69835.86110799226,Other,Unknown,2022-08-13,,Unknown,45.07256283173294,No Feedback
169,38.0,69808.39143405533,M,New York,2022-11-10,,Suspended,61.83537647115757,No Feedback
170,25.0,47924.39521875862,Unknown,Los Angeles,2022-02-08,,Unknown,67.26740923680677,Bad
171,30.0,55320.18666195671,F,Nyc,2022-10-26,,Suspended,56.71052451249425,No Feedback
172,73.0,96936.12080173937,F,New York,2022-03-01,,Inactive,45.890699607425496,No Feedback
173,17.0,48269.03822957314,Male,New York,2022-06-10,2023-07-01 15:45:00,Unknown,57.62335414981202,Good
174,34.0,98216.0917691757,Male,New York,2022-01-10,,Inactive,29.218267141412497,No Feedback
175,73.0,82073.3388505161,F,Unknown,2022-07-22,,Unknown,51.42211138587851,No Feedback
176,50.0,94508.32550110931,Female,La,2022-11-24,2023-12-06 15:16:00,Active,45.33747488747486,Good
177,33.0,47418.56055861143,M,Unknown,2022-08-13,,Pending,42.20268752413064,Bad
178,33.0,56628.88251874478,Unknown,Los Angeles,2022-03-11,2023-10-10 06:47:00,Inactive,15.469579762731392,Average
179,34.0,51016.72382448874,Male,Unknown,2022-12-09,2023-03-01 07:07:00,Unknown,29.44804497175142,No Feedback
180,66.0,82535.06383852406,Unknown,La,2022-11-01,2023-06-06 11:07:00,Pending,40.28210351749237,No Feedback
181,47.0,48646.32454655821,Female,La,2022-11-05,2023-06-06 11:07:00,Inactive,67.90078361277513,Good
182,54.0,74624.30986685747,Unknown,Unknown,2022-11-05,,Unknown,55.71646980807975,Good
183,53.0,73565.98822384082,Other,Los Angeles,2022-02-16,,Unknown,68.79348496055803,No Feedback
184,15.0,59039.40938571647,Male,La,2022-05-03,2023-11-08 21:25:00,Unknown,74.8582676480026,Good
185,25.0,85973.19468328671,Female,Los Angeles,2022-01-05,2023-12-06 15:16:00,Active,56.586182904989904,Average
186,71.0,62153.5973945321,Female,New York,2022-05-24,2023-03-04 04:08:00,Unknown,52.80586821360593,Good
187,64.0,76681.71437216605,M,New York,2022-04-22,2023-06-11 01:42:00,Active,30.540120066295792,No Feedback
188,37.0,50105.93262164435,M,La,2022-08-09,,Pending,89.73342529146618,No Feedback
189,45.0,45531.2637178635,Other,New York,2022-04-10,2023-06-04 07:28:00,Inactive,21.64311856579619,Good
190,56.0,74622.91058515216,Female,Los Angeles,2022-04-17,,Suspended,52.3746817641699,No Feedback
191,21.0,68616.80488667497,Unknown,Los Angeles,2022-11-25,,Active,66.65598007090765,No Feedback
192,30.0,64866.15328256731,Female,Los Angeles,2022-07-06,2023-11-01 20:14:00,Suspended,66.93475155062676,No Feedback
193,74.0,53126.233041244326,M,La,2022-12-06,,Suspended,26.898218191213527,No Feedback
194,16.0,90984.18953052608,Unknown,New York,2022-11-16,,Inactive,41.601939942648194,Good
195,15.0,37668.28391492306,Male,New York,2022-03-01,,Pending,34.02090455764673,No Feedback
196,62.0,36573.13980538056,Male,Unknown,2022-12-09,2023-01-03 02:59:00,Inactive,10.391315408679588,Bad
197,26.0,78843.33010327657,Unknown,Unknown,2022-03-12,2023-06-02 19:32:00,Unknown,52.60653483489923,No Feedback
198,51.0,77201.9276828614,F,Unknown,2022-03-12,,Active,35.64769207520045,No Feedback
199,46.0,67075.25557983737,M,Los Angeles,2022-08-18,,Suspended,80.10964569422691,No Feedback
200,23.0,54240.95556194388,F,La,2022-06-18,2023-02-12 04:44:00,Inactive,62.30348876377344,No Feedback
201,33.0,70048.44258380824,Unknown,La,2022-03-06,,Inactive,50.82803900428213,Average
202,62.0,94416.60594239068,M,Los Angeles,2022-04-17,2023-03-04 04:08:00,Inactive,40.54600935258262,Good
203,17.0,110310.9241574845,Other,Nyc,2022-07-15,,Active,52.30232139571349,Average
204,34.0,26871.72589049687,Female,Unknown,2022-12-11,,Pending,44.8825236816844,Bad
205,38.0,51621.597615029066,Other,Nyc,2022-08-09,2023-11-06 18:07:00,Inactive,51.39078217786217,Average
206,68.0,50364.53474030321,Unknown,Los Angeles,2022-03-01,2023-08-04 09:25:00,Active,88.03271541663938,Good
207,47.0,92530.38943399364,M,Unknown,2022-07-03,,Suspended,28.70487689304645,Good
208,38.0,10374.10026869597,Unknown,Los Angeles,2022-04-16,2023-03-01 07:07:00,Unknown,46.62716262703453,Bad
209,50.0,70276.70386131092,Female,Los Angeles,2022-03-23,2023-07-01 15:45:00,Unknown,64.12776800604448,Good
210,52.0,54863.79383161933,Male,Los Angeles,2022-10-19,,Active,41.99718316428351,Bad
211,39.0,92762.25499095282,Male,Los Angeles,2022-11-26,,Unknown,81.61083681216739,Bad
212,32.0,90020.77680008921,Unknown,Nyc,2022-05-03,,Inactive,63.56918306023677,Good
213,47.0,67310.13469653386,F,Unknown,2022-01-04,,Inactive,35.62219169660753,No Feedback
214,68.0,28405.53858576406,M,Los Angeles,2022-04-11,,Active,54.08137404549964,Bad
215,49.0,48522.21035329734,M,Unknown,2022-06-18,2023-04-03 23:53:00,Unknown,35.90782531624398,Good
216,75.0,50712.17846772523,Male,New York,2022-11-16,,Inactive,34.06683371291811,No Feedback
217,55.0,33470.9041109307,Unknown,La,2022-07-22,2023-07-01 13:57:00,Suspended,47.19604040580838,Bad
218,47.0,83091.6856371874,Other,La,2022-06-25,,Pending,75.27522323803562,No Feedback
219,47.0,30931.47005451188,Unknown,Unknown,2022-03-03,,Pending,64.90890079569434,No Feedback
220,28.0,99306.55016907424,Female,New York,2022-11-24,,Inactive,49.54844787005488,No Feedback
221,35.0,99256.45268090916,Other,New York,2022-11-03,2023-07-11 08:53:00,Unknown,65.62372389604785,No Feedback
222,62.0,52298.79476280988,Other,Los Angeles,2022-01-10,,Unknown,55.37237420831657,No Feedback
223,34.0,66569.90740259632,Unknown,Los Angeles,2022-07-06,2023-06-02 19:32:00,Inactive,26.602139487494245,Bad
224,22.0,58554.33043859152,Male,La,2022-12-06,,Unknown,47.097247616233794,Good
225,21.0,78036.4960072338,Unknown,New York,2022-11-07,,Unknown,48.53680808037069,Average
227,47.0,65159.93984240132,Male,Nyc,2022-03-06,2023-12-05 22:28:00,Unknown,38.67058998795807,Average
228,62.0,69382.33419562125,Unknown,Nyc,2022-12-11,,Suspended,31.74670848678459,Average
229,73.0,47587.91472120967,Male,Los Angeles,2022-08-14,2023-07-08 10:38:00,Unknown,49.08906086426386,Bad
230,36.0,68734.27933780677,Unknown,New York,2022-11-25,,Inactive,37.09150992010895,No Feedback
231,44.0,63255.24157847962,F,Los Angeles,2022-03-21,,Suspended,43.52981560832728,Good
232,52.0,41764.11022497287,Other,Unknown,2022-08-13,2023-11-06 18:07:00,Active,48.38240854217747,No Feedback
233,65.0,59719.257813137774,Unknown,Nyc,2022-04-17,,Pending,42.33911672551089,No Feedback
234,68.0,52336.34964027854,M,Unknown,2022-07-15,,Inactive,69.26365485705634,Bad
235,22.0,47810.08836363883,Female,Los Angeles,2022-07-15,,Inactive,78.28590212008842,Bad
236,41.0,37070.17584800864,F,Los Angeles,2022-12-02,,Inactive,67.25821485916428,No Feedback
237,41.0,61250.05466498952,M,Unknown,2022-03-03,,Suspended,14.576056696902732,Good
238,35.0,44390.51987349313,Other,Unknown,2022-05-03,,Active,37.16052675396331,No Feedback
239,44.0,50577.836553946014,Unknown,Unknown,2022-11-24,2023-06-03 12:42:00,Unknown,46.426957619356095,No Feedback
240,42.0,81502.48550434578,Male,Los Angeles,2022-04-16,2023-02-11 13:01:00,Active,13.07453481299848,Good
241,78.0,72642.32202536755,Other,La,2022-03-05,,Suspended,32.48216565701439,Average
242,75.0,40424.66704277493,Unknown,Los Angeles,2022-11-05,2023-09-12 19:55:00,Inactive,46.17140061534899,Bad
243,62.0,67037.82135812873,Female,La,2022-06-06,,Pending,41.02051837741877,Good
244,33.0,62655.613965283104,Unknown,Unknown,2022-11-02,,Inactive,50.17300354617837,No Feedback
245,18.0,94033.92417066924,F,New York,2022-03-06,2023-04-03 23:53:00,Unknown,22.38343277446092,No Feedback
246,49.0,87662.9000174455,F,Unknown,2022-01-03,,Unknown,40.79435298566328,Bad
247,78.0,29325.02548580328,Female,Nyc,2022-12-10,,Pending,53.03819501453158,No Feedback
248,63.0,77222.55337917202,M,Unknown,2022-05-03,2023-07-08 10:38:00,Inactive,50.20402942849741,No Feedback
249,31.0,85303.94503247397,M,Unknown,2022-12-11,,Pending,58.93787155295765,No Feedback
250,58.0,71187.18417456662,F,New York,2022-08-14,,Unknown,57.77148723995066,Good
251,44.0,53291.75712611619,F,New York,2022-06-18,,Active,41.85786062491671,No Feedback
252,60.0,108267.87830234272,Unknown,Unknown,2022-06-25,,Suspended,52.40237766150244,Bad
253,20.0,73028.18561854045,Male,Nyc,2022-08-11,2023-11-06 18:07:00,Inactive,34.00013810609927,Good
254,51.0,99530.88547456457,Unknown,New York,2022-01-05,2023-06-02 19:32:00,Unknown,44.59543361945424,Average
255,38.0,87029.56858947015,Unknown,Unknown,2022-12-05,,Active,28.88765056100588,No Feedback
256,60.0,69282.69320446608,M,Los Angeles,2022-11-20,,Inactive,71.30848864552516,No Feedback
257,67.0,48405.98177052745,Female,New York,2022-11-25,,Active,44.53011398938536,No Feedback
258,74.0,59517.902436949975,M,New York,2022-11-27,2023-06-06 11:07:00,Unknown,71.27886892456127,Good
259,77.0,55561.75094412894,Male,Nyc,2022-04-22,2023-06-06 11:07:00,Inactive,56.22992137376891,No Feedback
260,46.0,35709.6208870146,Unknown,Unknown,2022-01-04,2023-05-11 03:20:00,Unknown,32.286754766875376,No Feedback
261,47.0,73005.63149919406,F,New York,2022-04-10,2023-03-04 04:08:00,Unknown,55.0221319800304,Bad
262,32.0,91347.0600391882,F,Los Angeles,2022-03-21,2023-04-07 18:53:00,Unknown,66.1943653017569,No Feedback
263,39.0,54033.93010897106,Male,New York,2022-06-25,,Pending,48.44838416794973,No Feedback
264,68.0,103273.12998449474,Unknown,New York,2022-01-03,,Unknown,51.480587046824766,Average
265,72.0,28848.344282765327,Female,Los Angeles,2022-01-03,,Pending,38.97085383289844,No Feedback
266,60.0,81087.27096774407,F,Unknown,2022-08-13,2023-04-07 18:53:00,Inactive,50.48206452954695,No Feedback
267,38.0,93430.4047081082,Other,Los Angeles,2022-02-16,2023-04-03 23:53:00,Pending,54.75796377604284,No Feedback
268,46.0,55919.38838037879,Unknown,Unknown,2022-12-02,,Inactive,38.42368371762979,No Feedback
269,61.0,56278.86989714238,F,New York,2022-06-06,2023-01-03 02:59:00,Inactive,28.41408126640691,Good
270,37.0,80855.30351688803,Other,Nyc,2022-12-11,2023-04-03 23:53:00,Suspended,75.75940999166389,No Feedback
271,47.0,70119.82219919069,Male,La,2022-01-10,2023-11-06 18:07:00,Inactive,62.08241011969483,No Feedback
272,41.0,20051.77313080986,Male,La,2022-10-26,,Pending,39.04683789257231,Good
273,16.0,43132.53690921239,Unknown,Los Angeles,2022-11-27,,Suspended,54.3931451431611,Bad
274,31.0,59729.009039050805,F,New York,2022-08-14,,Suspended,20.428426646540217,Good
275,47.0,32606.036406298663,M,New York,2022-11-16,,Inactive,10.458580521792882,No Feedback
276,23.0,50516.513671401925,Other,Unknown,2022-08-20,2023-09-08 11:25:00,Unknown,71.68266174955602,Average
277,57.0,33106.29149512132,Female,New York,2022-08-14,,Unknown,54.59102280523082,No Feedback
278,62.0,52596.5873889322,F,Nyc,2022-12-10,2023-12-05 22:28:00,Unknown,49.04595061030768,Good
279,53.0,53267.54545357679,Female,Los Angeles,2022-02-23,,Suspended,54.653144096259055,Bad
281,40.0,58164.81352000999,M,New York,2022-08-13,,Unknown,67.38190572490649,Good
282,64.0,70055.79442081512,M,Unknown,2022-01-08,2023-07-01 13:57:00,Inactive,29.091194672503864,No Feedback
283,39.0,67670.88014947843,Unknown,Unknown,2022-11-25,,Inactive,16.392472161593503,Good
284,38.0,80626.79988528621,Unknown,New York,2022-12-21,,Suspended,71.09071526718833,Good
285,27.0,77475.66081920231,M,Unknown,2022-12-10,,Unknown,67.12191708460014,Good
286,74.0,75362.47670269433,Unknown,Unknown,2022-10-19,,Suspended,61.50121535100882,Bad
287,21.0,122097.34856933444,M,Unknown,2022-05-21,,Active,33.74241938201214,No Feedback
288,71.0,66948.05273284658,Male,Unknown,2022-04-10,,Unknown,57.265707797679504,No Feedback
289,50.0,111871.43007717724,Male,Nyc,2022-11-02,2023-11-06 18:07:00,Unknown,35.533096625130696,Good
290,59.0,68244.36804487868,Unknown,Los Angeles,2022-04-17,,Unknown,63.25563772041922,Bad
291,34.0,58342.98170388216,Other,New York,2022-10-07,2023-11-01 20:14:00,Pending,69.65313814544683,Bad
292,79.0,52536.69635573606,Female,Unknown,2022-10-14,2023-12-12 03:17:00,Inactive,39.130544823409295,Good
293,22.0,90194.51596896858,F,Unknown,2022-08-20,,Suspended,72.63620322430847,No Feedback
294,30.0,92810.06785775875,F,New York,2022-07-03,2023-11-01 20:14:00,Unknown,52.2970479912542,No Feedback
295,28.0,71995.67711929459,Unknown,Unknown,2022-05-03,,Active,59.83746424883971,Average
296,29.0,82670.93549005411,Male,La,2022-07-15,2023-12-06 15:16:00,Unknown,23.807332726183915,Good
297,47.0,34455.590681538335,Unknown,Los Angeles,2022-06-06,,Unknown,54.644290119098,Average
298,46.0,29024.403549755763,F,New York,2022-10-23,,Inactive,36.48831225170664,No Feedback
299,77.0,84926.53771594907,Male,New York,2022-12-18,,Inactive,59.49266908028348,No Feedback
300,65.0,57463.77004193956,Other,New York,2022-11-20,,Suspended,79.34325339302525,Good
301,39.0,74986.04834795005,Female,Nyc,2022-03-12,,Pending,55.79040418632705,Average
302,72.0,45654.24100087844,Other,New York,2022-05-03,,Suspended,31.982901871336328,Average
303,77.0,93139.7693940955,Unknown,La,2022-12-09,,Unknown,62.52932183555173,Good
304,76.0,29191.626562219277,M,New York,2022-06-10,2023-06-03 12:42:00,Unknown,58.03577491575433,Average
305,36.0,32288.298270346226,M,La,2022-06-25,2023-12-06 15:16:00,Active,91.17203492800618,No Feedback
306,72.0,88886.2316742469,M,Los Angeles,2022-01-03,2023-12-05 22:28:00,Suspended,55.07935921801887,No Feedback
307,72.0,7803.164140341993,Other,Los Angeles,2022-03-23,,Pending,38.29050017551863,No Feedback
308,63.0,67571.37736189833,F,Los Angeles,2022-05-21,,Suspended,65.41282451292756,Bad
309,66.0,57853.48008806846,Female,Los Angeles,2022-05-15,2023-03-01 07:07:00,Inactive,47.44643855388813,Average
310,56.0,45280.96161599941,M,La,2022-01-03,,Unknown,51.605019794235474,Average
311,29.0,56001.20302819263,Unknown,Nyc,2022-09-04,,Unknown,31.430479392488955,Bad
312,68.0,43049.5301382038,Unknown,New York,2022-08-14,2023-12-12 03:17:00,Unknown,47.55130374393173,Average
313,74.0,90845.11892096998,M,Unknown,2022-04-16,2023-11-06 18:07:00,Unknown,50.61609394980872,Bad
314,22.0,96089.9417672322,M,New York,2022-08-14,2023-04-03 23:53:00,Unknown,47.433026485262445,Good
315,67.0,46285.24826423311,Female,Los Angeles,2022-04-17,,Unknown,38.18225275138357,No Feedback
316,74.0,65510.49754937062,M,Unknown,2022-03-06,,Active,55.764582606905904,No Feedback
317,19.0,33498.470581279056,Female,Unknown,2022-03-06,2023-07-11 08:53:00,Pending,31.53055166316332,No Feedback
318,20.0,81461.04318006254,Unknown,La,2022-11-25,2023-09-12 19:55:00,Unknown,26.8201079895201,No Feedback
319,61.0,80940.18349286629,M,Unknown,2022-11-25,2023-05-03 11:11:00,Pending,64.19072341452882,Average
320,69.0,54094.755345846206,Other,Unknown,2022-08-07,,Unknown,62.35500356174569,No Feedback
321,54.0,60337.70116839791,Unknown,New York,2022-11-07,,Unknown,23.847910386392957,Good
322,66.0,58124.69100954658,Other,New York,2022-11-26,,Suspended,13.408899071350746,No Feedback
323,30.0,27630.843326394486,Unknown,Nyc,2022-11-26,,Unknown,29.82515909206863,Good
324,27.0,90920.08295200254,Female,New York,2022-12-09,,Inactive,47.43402011053604,Good
325,44.0,44660.935222351385,Other,Unknown,2022-11-02,,Active,73.08699149531012,Average
326,33.0,44797.014554841575,Female,Los Angeles,2022-04-17,,Suspended,46.9451086437496,Good
327,31.0,56991.60291076334,Other,Unknown,2022-03-21,2023-05-10 11:53:00,Suspended,34.61277902543937,No Feedback
328,77.0,79910.97170724557,Other,Unknown,2022-02-23,,Inactive,52.97172458166121,No Feedback
329,33.0,48173.93569815938,Female,Unknown,2022-12-05,2023-10-09 01:47:00,Unknown,47.71967769500839,No Feedback
330,72.0,20956.295571931118,F,Los Angeles,2022-11-26,,Active,22.379853850940044,Average
331,69.0,42260.03878540932,Other,New York,2022-04-17,,Suspended,22.49874230162577,No Feedback
332,76.0,68482.80838157982,M,New York,2022-11-04,,Active,23.03604995769413,Bad
333,37.0,103795.00575618372,Unknown,Nyc,2022-10-19,,Suspended,99.59703069815872,No Feedback
334,23.0,34801.600672536886,Unknown,Nyc,2022-12-05,,Unknown,67.19962880547226,Bad
335,26.0,34069.96465038342,F,Los Angeles,2022-05-26,2023-10-09 01:47:00,Unknown,38.12567882929275,Bad
336,15.0,29748.089983223683,Female,Nyc,2022-05-03,,Suspended,72.16533645657863,No Feedback
337,72.0,27265.50017401318,F,Unknown,2022-07-15,,Unknown,38.6388742467707,Average
338,15.0,84113.8292016286,Male,Los Angeles,2022-03-01,,Suspended,71.50360793947459,Good
339,48.0,89893.7715072876,Male,New York,2022-03-03,,Pending,51.60612914138909,Bad
340,62.0,63555.11787160805,Other,New York,2022-03-12,2023-06-11 01:42:00,Unknown,36.82297500405406,No Feedback
341,15.0,50645.74455718287,Other,Los Angeles,2022-04-11,,Inactive,63.5964069165794,Good
342,30.0,95822.87573725251,M,New York,2022-01-08,2023-07-04 01:00:00,Unknown,52.7503914544737,No Feedback
343,75.0,63478.160833130096,Unknown,La,2022-11-21,,Inactive,57.96535544358652,No Feedback
344,78.0,81788.73418720868,Unknown,Unknown,2022-11-05,2023-04-02 16:03:00,Unknown,54.310140463682174,Good
345,77.0,49671.02116556369,F,Los Angeles,2022-01-05,,Inactive,54.10029545741856,Good
346,36.0,60884.87708447548,Male,Unknown,2022-03-11,,Unknown,66.0110777617349,No Feedback
348,30.0,72584.97943787169,Unknown,La,2022-11-02,,Unknown,74.97583801099117,No Feedback
349,65.0,63818.75501546631,F,Nyc,2022-01-26,2023-10-09 01:47:00,Pending,54.39290320566091,No Feedback
350,71.0,42108.73535172432,Other,Los Angeles,2022-02-16,2023-06-03 12:42:00,Inactive,43.78786170200853,No Feedback
351,43.0,42377.85700947077,Other,New York,2022-01-08,2023-10-09 06:21:00,Unknown,45.98530163996016,Average
352,61.0,92319.17006677488,Male,New York,2022-08-09,,Suspended,24.877414107791008,No Feedback
353,76.0,99433.37500923632,Male,New York,2022-06-06,2023-05-10 11:53:00,Unknown,63.29087085106433,Good
354,30.0,55737.29326665358,Other,Unknown,2022-11-20,2023-05-12 19:38:00,Active,29.70154616683315,No Feedback
355,62.0,61355.071455243255,Female,Nyc,2022-07-22,,Active,42.55091375901473,No Feedback
356,53.0,68002.28949296434,Other,La,2022-01-10,,Unknown,63.40697405803999,No Feedback
357,47.0,62960.63516319374,Unknown,New York,2022-03-22,,Pending,45.25349392406948,No Feedback
358,37.0,26514.0455892274,Other,La,2022-04-22,2023-05-02 09:32:00,Inactive,40.15424018941494,No Feedback
359,24.0,68557.41354380772,M,Nyc,2022-01-04,,Pending,26.05038627788714,Average
360,48.0,18242.219307987827,Unknown,Unknown,2022-08-09,,Active,74.10653464609622,No Feedback
361,66.0,45346.31617484762,M,Los Angeles,2022-12-11,2023-06-03 12:42:00,Unknown,33.335562690942425,No Feedback
362,24.0,70108.54293249635,M,Unknown,2022-03-12,2023-06-03 12:42:00,Unknown,38.28248346104102,Average
363,33.0,71999.88415849674,Female,La,2022-07-26,,Unknown,14.165411603322774,Good
364,72.0,43798.538315810205,Female,Unknown,2022-12-18,,Pending,49.602779043842,Average
365,15.0,50831.26119626165,Other,Unknown,2022-06-06,,Unknown,43.33410227276882,Average
366,18.0,48123.26982003093,M,Los Angeles,2022-02-16,2023-06-08 03:44:00,Pending,53.63715833936826,No Feedback
367,30.0,57943.1167372786,Female,Nyc,2022-09-04,2023-06-04 07:28:00,Inactive,26.50736646084853,No Feedback
368,38.0,59464.11306728673,Male,Nyc,2022-01-03,2023-10-09 06:21:00,Suspended,64.68361587070271,No Feedback
369,16.0,73369.36259058221,Other,Los Angeles,2022-08-08,,Unknown,13.215788943077676,No Feedback
370,46.0,49662.06274220433,Unknown,Unknown,2022-08-13,2023-06-11 01:42:00,Suspended,48.15645000035188,Bad
371,38.0,67467.9238382711,Unknown,Nyc,2022-07-26,,Inactive,52.30976566279168,Average
372,26.0,70140.31528974383,F,Nyc,2022-11-01,,Suspended,51.1554801341217,Bad
373,64.0,63965.78754743731,Other,New York,2022-10-14,,Active,53.15509742320536,No Feedback
374,49.0,54807.88355101051,F,New York,2022-08-13,,Suspended,65.77343368521733,No Feedback
375,47.0,63612.90928550881,M,Los Angeles,2022-05-16,,Inactive,76.49397409946101,No Feedback
376,47.0,75034.80546787153,Unknown,Unknown,2022-11-04,,Suspended,46.88784143374119,No Feedback
377,75.0,76783.69735432624,F,Los Angeles,2022-11-05,2023-07-01 13:57:00,Unknown,30.64314729720773,No Feedback
378,65.0,96307.45369653813,M,Los Angeles,2022-12-09,,Pending,61.21434564585513,Good
379,57.0,40199.47527387476,Male,Unknown,2022-12-18,,Active,44.395212305116175,Average
380,26.0,51199.85218009195,F,New York,2022-12-11,,Unknown,75.2923942324436,No Feedback
381,79.0,27730.62679463196,Unknown,Unknown,2022-02-23,2023-12-01 20:59:00,Unknown,37.96066771255749,No Feedback
382,47.0,78620.1892865571,Other,Los Angeles,2022-10-19,,Inactive,32.83978222734439,No Feedback
383,54.0,53309.84987286507,M,Nyc,2022-10-19,,Pending,52.87587501905354,No Feedback
384,57.0,64123.81964058653,Other,New York,2022-03-01,,Pending,15.191644175260151,No Feedback
385,58.0,47913.22861106721,Unknown,La,2022-05-21,2023-05-10 11:53:00,Unknown,40.65142572483433,No Feedback
386,43.0,53465.92010044349,Female,Unknown,2022-05-24,2023-12-12 03:17:00,Active,43.40318846783303,Bad
388,26.0,73884.66820971968,F,Los Angeles,2022-09-04,,Active,30.07455807459602,Average
389,60.0,57769.558846821084,M,Unknown,2022-10-05,,Unknown,32.40999055464097,No Feedback
390,16.0,75356.27838952794,Other,Unknown,2022-02-17,2023-03-01 07:07:00,Suspended,73.138273813928,Good
391,49.0,75798.00160075747,Male,Nyc,2022-02-08,,Unknown,49.73077090828696,No Feedback
392,22.0,52171.4896662653,M,New York,2022-06-06,,Active,67.29274367805921,Good
393,40.0,30618.408787275832,F,Unknown,2022-01-03,,Unknown,39.164251972330746,Good
394,48.0,42016.767459959214,Female,Unknown,2022-08-20,,Inactive,48.91098075158249,No Feedback
395,21.0,33189.42793234966,Unknown,Nyc,2022-01-10,2023-06-06 11:07:00,Suspended,54.29068854058427,Average
396,72.0,83288.69291985815,Male,Nyc,2022-05-16,,Inactive,84.95109815246526,Bad
397,43.0,86762.30432895361,Female,New York,2022-02-10,,Suspended,45.64763639657038,Average
398,50.0,91727.47760318032,M,Los Angeles,2022-08-20,,Suspended,46.67462212559244,Average
399,35.0,19608.889020456627,Other,Unknown,2022-05-26,,Unknown,71.96306055473477,Average
400,50.0,81428.01820747444,Unknown,Unknown,2022-06-06,,Inactive,42.403771230298254,No Feedback
401,24.0,104243.8261876937,Other,Los Angeles,2022-06-18,,Inactive,55.69258383345508,No Feedback
402,38.0,82239.7542762129,F,New York,2022-03-03,,Active,70.21918412838063,No Feedback
403,78.0,16975.407642586608,Other,New York,2022-11-25,2023-07-01 13:57:00,Inactive,38.48316256602119,Average
404,63.0,95365.96616793545,Male,Los Angeles,2022-12-09,,Active,56.80924892967312,Bad
405,50.0,60833.78074263883,Other,Los Angeles,2022-12-02,,Pending,84.91101420290026,Good
406,38.0,55352.01786999057,F,La,2022-10-17,2023-07-01 15:45:00,Pending,68.42636097676306,No Feedback
407,37.0,69021.90593165957,Unknown,Nyc,2022-05-24,,Pending,55.69866139369624,Good
408,76.0,39019.86154859027,M,La,2022-11-25,,Unknown,45.51357376334733,Good
409,51.0,60055.64741843158,Unknown,Nyc,2022-06-06,,Inactive,37.91363437450324,No Feedback
410,26.0,92408.59290208148,M,Los Angeles,2022-06-25,,Unknown,30.23628153528385,Average
411,69.0,72447.93741046576,Other,New York,2022-02-17,,Inactive,80.19247919931355,Bad
412,27.0,61168.02944205336,Female,Los Angeles,2022-12-11,,Active,76.3094209074,Bad
413,37.0,61792.163198552174,M,New York,2022-09-04,2023-01-03 03:13:00,Unknown,36.857710449188446,Good
414,44.0,36372.12033402397,Unknown,La,2022-04-16,,Unknown,56.75373996156278,No Feedback
415,31.0,57000.24217200549,Other,New York,2022-08-20,2023-12-12 03:17:00,Unknown,52.226529970126215,No Feedback
416,76.0,27314.09328740465,Unknown,Los Angeles,2022-11-04,2023-03-01 07:07:00,Suspended,73.68830922648146,Average
417,27.0,80448.81904787621,F,Los Angeles,2022-10-23,,Active,57.65602396602701,Good
418,73.0,16285.790350493146,Unknown,La,2022-06-25,2023-03-01 07:07:00,Pending,49.54362478539304,Bad
419,33.0,77098.0075924142,Other,Los Angeles,2022-04-17,,Active,39.16628795408639,No Feedback
420,63.0,79588.21801668123,Unknown,Unknown,2022-01-08,,Suspended,56.817356902516536,No Feedback
421,26.0,86375.29231454388,M,Nyc,2022-06-25,,Inactive,43.03634858074759,No Feedback
422,75.0,61737.18326323605,Unknown,New York,2022-12-11,,Active,54.41369890259683,No Feedback
423,33.0,78332.56932315059,F,Los Angeles,2022-07-15,2023-02-11 13:01:00,Unknown,48.48057841083372,Good
424,23.0,56805.06719269568,Other,New York,2022-04-06,,Pending,42.55016240259706,No Feedback
425,42.0,36266.05764624133,Male,Unknown,2022-11-24,,Pending,30.545184527363617,Bad
426,66.0,90614.6478507599,F,New York,2022-03-03,,Inactive,60.283905054946025,Good
427,30.0,58062.28340769851,Male,Nyc,2022-06-25,2023-12-12 03:17:00,Active,50.85140682758066,No Feedback
428,26.0,31809.773650536117,Unknown,Los Angeles,2022-01-10,,Suspended,85.74841710932856,No Feedback
429,39.0,50663.70108420436,Female,La,2022-05-24,,Inactive,29.353103232447825,No Feedback
430,66.0,51453.506348636576,F,Nyc,2022-11-25,,Active,62.505963844659824,Average
431,67.0,69233.93836248424,Unknown,New York,2022-11-20,,Unknown,48.347070639467184,No Feedback
432,37.0,106940.94966745462,Male,Los Angeles,2022-10-14,2023-06-06 11:07:00,Pending,91.99516796653116,Bad
433,30.0,70448.3722656513,M,Unknown,2022-11-26,,Suspended,60.97943834122934,Bad
434,71.0,64136.87703993051,M,Unknown,2022-07-06,,Unknown,56.49377163270169,No Feedback
435,53.0,109115.5239912511,Female,Los Angeles,2022-03-01,2023-06-03 12:42:00,Suspended,48.3979513005236,No Feedback
436,67.0,79577.8707982545,F,New York,2022-12-18,2023-05-11 03:20:00,Unknown,35.93757890668761,No Feedback
437,56.0,65084.98408269857,F,La,2022-06-18,,Suspended,56.22785585281861,Good
438,72.0,50411.7628236381,F,Los Angeles,2022-11-16,2023-11-06 18:07:00,Pending,22.353947817264764,No Feedback
439,53.0,66324.00152409122,Unknown,Los Angeles,2022-01-03,2023-06-02 19:32:00,Unknown,23.27431822830058,No Feedback
440,28.0,58672.19191813727,Unknown,Unknown,2022-02-10,2023-02-11 13:01:00,Active,70.24876873658991,Average
441,19.0,61828.682551179925,Unknown,Unknown,2022-01-04,2023-08-07 12:58:00,Unknown,14.757517219118697,No Feedback
442,49.0,86288.04849538946,Female,Unknown,2022-11-02,,Inactive,43.60852883418325,Average
443,32.0,49193.55633725024,F,Los Angeles,2022-06-25,,Active,29.01747017482083,Average
444,23.0,70270.81416327028,Unknown,Unknown,2022-08-08,,Inactive,41.95058615220674,No Feedback
445,72.0,78978.79979675187,M,Nyc,2022-08-09,,Suspended,53.69090604678692,No Feedback
446,31.0,46757.74966351181,Male,Unknown,2022-11-07,2023-04-03 23:53:00,Active,69.69110581928345,Bad
447,21.0,43547.57169021799,Unknown,Los Angeles,2022-05-24,,Suspended,74.35267179465441,Good
448,60.0,56993.161548381926,Unknown,La,2022-11-16,,Unknown,31.62093561682356,Bad
449,27.0,50767.40819487078,Unknown,Unknown,2022-12-10,,Suspended,40.68076126746471,No Feedback
451,56.0,39964.63442870691,M,La,2022-03-05,,Inactive,44.99970628129276,No Feedback
452,23.0,61369.4273705734,Male,Unknown,2022-12-10,,Unknown,32.355784080081904,No Feedback
453,64.0,110920.9666680895,M,New York,2022-02-18,2023-03-01 07:07:00,Unknown,35.68398474517122,No Feedback
454,41.0,68261.13067572365,Female,Unknown,2022-11-20,,Suspended,45.11720167381339,Average
455,47.0,71585.8028860977,Male,New York,2022-06-10,2023-08-04 09:25:00,Suspended,42.14525274423082,No Feedback
456,19.0,83213.6499139425,M,New York,2022-04-11,,Unknown,45.31259753610261,No Feedback
457,43.0,50741.01869149281,Other,New York,2022-11-22,,Unknown,49.57146892546872,Bad
458,51.0,38371.60742509192,Unknown,Unknown,2022-07-03,,Active,49.43184275413671,No Feedback
459,52.0,63530.22552325489,M,New York,2022-02-08,2023-11-01 20:14:00,Inactive,30.89027005457612,Bad
460,22.0,65308.07656697075,Female,Los Angeles,2022-10-26,2023-03-04 04:08:00,Unknown,57.38662042312262,Bad
461,79.0,27635.784105736777,F,La,2022-03-03,2023-09-08 11:25:00,Unknown,52.42093899761368,No Feedback
462,31.0,67501.43829365555,M,New York,2022-11-20,,Pending,59.93163341099852,Bad
463,59.0,81397.00997402078,Unknown,New York,2022-06-10,2023-01-03 02:59:00,Unknown,15.710918925496864,Average
464,18.0,41741.03853951981,Unknown,New York,2022-01-09,,Unknown,53.136884873829565,Bad
465,50.0,68711.11696749626,Unknown,Los Angeles,2022-11-20,2023-12-01 20:59:00,Inactive,10.288073681959672,Average
466,45.0,77845.27320740267,F,New York,2022-06-25,,Unknown,46.48858211046839,No Feedback
467,33.0,71733.5641706016,Unknown,La,2022-08-08,,Unknown,63.15872585506152,No Feedback
468,75.0,73620.12477483114,Other,Los Angeles,2022-01-04,2023-09-12 19:55:00,Suspended,70.91558303204731,No Feedback
469,68.0,55103.99516387397,M,Los Angeles,2022-03-12,,Suspended,56.6892012819401,Average
470,53.0,37449.91324518808,Unknown,New York,2022-12-19,,Suspended,63.50781470585978,No Feedback
471,33.0,51057.07075232174,Male,La,2022-11-16,,Suspended,44.019900758350815,No Feedback
472,53.0,48278.85796258751,F,New York,2022-01-05,2023-05-02 09:32:00,Pending,39.81664460150076,Average
474,27.0,81865.4181091986,Male,Los Angeles,2022-11-22,,Suspended,66.54320623730422,Good
475,72.0,33763.197436716626,Male,New York,2022-04-23,,Active,26.54032297069213,No Feedback
476,34.0,62885.00045634781,Male,New York,2022-02-18,,Suspended,15.306721569340183,No Feedback
477,75.0,38731.96708964295,Male,Nyc,2022-03-11,2023-07-11 08:53:00,Unknown,40.698611018728485,No Feedback
478,53.0,45199.06164354457,M,New York,2022-11-05,2023-07-01 15:45:00,Suspended,73.83737012617331,No Feedback
479,15.0,71174.81505223684,Unknown,Los Angeles,2022-10-05,,Pending,50.97478308057536,Bad
480,17.0,36201.098932686014,Unknown,Unknown,2022-05-21,,Inactive,5.519603552774292,No Feedback
481,76.0,74684.88579405958,M,Nyc,2022-07-26,,Inactive,46.45413153620184,No Feedback
482,77.0,32956.7110675055,M,Nyc,2022-03-11,,Unknown,49.95196899502897,Average
483,39.0,73339.6080687632,Other,New York,2022-11-02,,Inactive,1.6866524106903924,Good
484,70.0,29009.37460842976,Other,New York,2022-03-11,,Inactive,50.4833230410038,Bad
485,47.0,47643.74641486769,Unknown,New York,2022-07-06,,Active,29.73263984817352,Average
486,52.0,97929.88766259124,Unknown,Nyc,2022-05-03,,Unknown,13.289071784233691,Good
487,20.0,94170.92739533773,Other,Unknown,2022-11-20,2023-01-03 03:13:00,Unknown,82.09015160330803,Good
488,72.0,51749.50694965709,Unknown,New York,2022-11-25,,Inactive,28.847955984301443,Good
489,58.0,67799.21172059803,Unknown,Los Angeles,2022-06-06,2023-09-08 11:25:00,Inactive,36.654305290874376,No Feedback
490,59.0,84081.36037769768,Female,Unknown,2022-11-02,2023-02-11 13:01:00,Inactive,36.38834227866644,Average
491,46.0,73625.92348840942,Unknown,New York,2022-11-27,2023-08-07 12:58:00,Unknown,50.04477501848605,Bad
492,59.0,54530.71507090352,Other,Los Angeles,2022-05-26,,Pending,85.32621214111748,Bad
493,75.0,45027.29371927334,Unknown,Los Angeles,2022-11-25,,Suspended,26.076262595281364,Good
494,61.0,77362.06285915858,M,New York,2022-05-21,,Pending,43.8639297110281,Average
495,35.0,82614.06617229003,M,Nyc,2022-08-20,,Unknown,52.41723758052797,No Feedback
496,50.0,94314.03668788775,Unknown,Unknown,2022-09-04,,Active,32.624165056809886,Good
497,33.0,26255.01153093858,Female,Unknown,2022-10-19,,Suspended,43.54227190842787,No Feedback
498,34.0,34937.50423597895,Female,Nyc,2022-08-13,2023-04-07 18:53:00,Active,61.88999613499114,Bad
499,71.0,83238.4720429416,Unknown,La,2022-12-18,,Unknown,34.88590026587015,No Feedback
500,32.0,28969.389064996463,Other,Unknown,2022-06-25,2023-06-03 12:42:00,Unknown,43.22714982539641,Good
501,61.0,84770.99909823865,F,Los Angeles,2022-03-12,2023-11-08 21:25:00,Unknown,41.37292146161428,No Feedback
502,63.0,55701.34988029216,Female,Los Angeles,2022-01-08,,Unknown,47.92386637731325,Bad
503,28.0,49581.72361326631,Male,Nyc,2022-08-18,,Active,54.863034292464846,No Feedback
504,29.0,64108.57192542939,M,New York,2022-05-15,,Active,61.731215362137576,Average
505,45.0,33092.63095529002,Unknown,Los Angeles,2022-12-10,2023-06-04 07:28:00,Active,88.75108603924676,Bad
507,68.0,93792.73995389394,Unknown,Los Angeles,2022-02-10,,Inactive,46.65217321589117,Average
508,17.0,77411.52431628483,Unknown,Nyc,2022-01-09,,Active,22.71127855515614,No Feedback
509,30.0,55069.82614891719,M,Los Angeles,2022-03-13,2023-09-12 19:55:00,Unknown,42.29259998698191,No Feedback
510,71.0,29239.28584469118,M,Nyc,2022-04-23,2023-07-04 01:00:00,Suspended,67.61734661388155,Good
511,26.0,30008.25087594134,Female,Unknown,2022-03-11,2023-09-12 19:55:00,Unknown,73.95585044284756,Good
512,30.0,33407.133955213845,Female,New York,2022-12-11,2023-07-11 08:53:00,Unknown,74.89429153636817,Bad
513,38.0,59754.43445775365,Male,Los Angeles,2022-03-23,2023-09-08 11:25:00,Pending,74.70585029700848,No Feedback
514,42.0,62268.00126545209,Unknown,La,2022-12-06,,Pending,46.52129856759144,No Feedback
515,22.0,77368.87021481991,Unknown,New York,2022-05-26,,Suspended,77.97060549414326,Bad
516,50.0,24079.420270338487,Unknown,Los Angeles,2022-08-11,,Inactive,81.93699589211684,No Feedback
517,22.0,86224.20460784799,M,Nyc,2022-01-10,,Active,52.77600909083021,Average
518,72.0,73888.12637890741,Male,Los Angeles,2022-09-04,,Unknown,73.54473203135127,Average
519,74.0,53463.2741387573,F,Unknown,2022-05-21,,Unknown,50.82474037033157,Good
520,64.0,36204.769165358,Male,Nyc,2022-02-08,,Active,78.20465031101757,No Feedback
521,42.0,84982.81283382238,Other,New York,2022-11-20,2023-05-10 11:53:00,Unknown,46.76673525272884,No Feedback
522,55.0,53998.12077525232,Male,New York,2022-03-01,2023-05-11 03:20:00,Unknown,37.80959036613631,No Feedback
523,78.0,59599.622013111424,Unknown,New York,2022-10-26,,Pending,27.60017139456767,Good
524,41.0,67672.23941575864,Other,Unknown,2022-11-25,,Active,46.52741933524699,No Feedback
525,77.0,41736.02188436777,Other,Unknown,2022-01-08,,Suspended,51.687763886566046,Bad
526,31.0,54356.38841949502,Other,Los Angeles,2022-01-03,,Inactive,31.082946772480923,Bad
527,47.0,77306.3380404076,F,New York,2022-03-22,2023-12-01 20:59:00,Suspended,44.997830820086826,No Feedback
528,43.0,75281.9215699255,Male,Nyc,2022-08-07,2023-04-02 16:03:00,Inactive,39.46901381158468,Good
529,27.0,75462.14413390475,Unknown,Los Angeles,2022-02-08,2023-04-02 16:03:00,Unknown,28.460489073389823,Good
530,60.0,36896.40497719136,Male,Nyc,2022-01-09,,Active,70.71769323107168,No Feedback
531,49.0,55268.39298541718,F,Los Angeles,2022-01-05,2023-08-07 12:58:00,Active,74.23807206211569,Bad
532,20.0,52072.1232990439,M,New York,2022-05-03,,Inactive,70.62865356584618,Good
533,61.0,68503.57684549404,Female,La,2022-02-17,,Pending,48.31688418757001,No Feedback
534,39.0,66713.15979297795,Unknown,Los Angeles,2022-05-24,,Unknown,49.55234389216256,No Feedback
535,47.0,63108.54661485873,Unknown,New York,2022-08-14,2023-05-12 19:38:00,Suspended,28.736532885213,Bad
536,24.0,109314.6791083986,Male,Nyc,2022-02-23,2023-04-02 16:03:00,Unknown,58.29265790482676,No Feedback
537,70.0,54183.878397119246,Female,New York,2022-11-10,2023-09-08 11:25:00,Suspended,53.39263412371241,No Feedback
539,19.0,36865.00659327888,Unknown,New York,2022-08-14,,Unknown,71.74204724031486,No Feedback
540,47.0,29243.05348142259,F,La,2022-11-26,2023-06-02 19:32:00,Unknown,56.30489853141709,No Feedback
541,79.0,35593.652455684496,Unknown,Unknown,2022-11-01,2023-11-01 20:14:00,Active,49.16781378013352,No Feedback
542,32.0,45626.361491134405,Unknown,Nyc,2022-11-24,,Suspended,70.0261307415445,Good
543,63.0,86201.46188875705,Unknown,Los Angeles,2022-04-12,2023-07-11 08:53:00,Unknown,31.68522659238956,Average
544,25.0,60783.27808723717,M,Nyc,2022-11-02,,Unknown,72.79275624028062,No Feedback
545,40.0,63866.61333905467,M,Unknown,2022-05-16,2023-07-11 14:53:00,Inactive,28.25712999525402,Good
546,77.0,58074.53383595807,M,La,2022-08-11,2023-05-02 09:32:00,Unknown,38.76952285570537,No Feedback
547,73.0,67306.01986043577,Unknown,Nyc,2022-11-16,,Active,13.236410011910811,Average
548,41.0,88041.44294435687,F,Unknown,2022-03-06,,Unknown,62.28152446098184,Bad
549,63.0,20121.38327463928,Other,Los Angeles,2022-04-16,,Pending,54.99858052526379,Good
550,47.0,84366.7463117076,Other,Los Angeles,2022-05-03,,Active,38.77033950467953,No Feedback
551,15.0,9699.23094929986,Female,New York,2022-01-03,2023-04-02 16:03:00,Active,31.41722418048363,No Feedback
552,35.0,60564.05423043855,Other,Los Angeles,2022-06-18,2023-12-01 20:59:00,Unknown,77.57444453400134,Average
553,69.0,103838.1470948883,Other,New York,2022-02-08,,Pending,47.327921247936594,Good
554,20.0,73613.15879063089,M,La,2022-08-07,2023-11-01 20:14:00,Inactive,34.65409250958848,Bad
555,19.0,67461.17870641273,M,Los Angeles,2022-06-06,,Unknown,88.4386592723605,No Feedback
556,17.0,100038.91933605948,Unknown,New York,2022-08-11,,Pending,36.85874161716575,No Feedback
557,67.0,45938.74203997712,Female,New York,2022-12-05,,Active,72.77234142907571,Good
558,37.0,68679.34844930095,Male,La,2022-04-11,,Pending,26.98018871978853,Bad
559,67.0,71562.34194947786,Unknown,Los Angeles,2022-11-05,2023-07-01 13:57:00,Active,42.90107539586055,No Feedback
560,51.0,49551.95731545949,Female,Unknown,2022-06-25,,Unknown,60.04582450764773,No Feedback
561,31.0,51317.79641008039,Female,New York,2022-10-19,2023-01-03 02:59:00,Unknown,48.84326100791949,Average
562,15.0,49124.41133553321,F,New York,2022-05-24,,Unknown,54.87526043026105,Good
563,65.0,61746.29948017128,Unknown,Los Angeles,2022-02-18,2023-05-12 19:38:00,Suspended,39.22330307951991,Average
564,59.0,70933.83211542627,F,Nyc,2022-12-10,,Suspended,18.04407696200812,No Feedback
565,18.0,62464.60545829324,Female,New York,2022-01-08,,Suspended,79.31152768729422,No Feedback
566,76.0,74189.2363485971,Female,New York,2022-11-25,,Unknown,40.44343245251862,Average
567,79.0,20617.054280529053,Female,Los Angeles,2022-11-16,,Inactive,55.78024911064678,Bad
568,46.0,55634.976725143264,Other,New York,2022-11-20,2023-12-01 20:59:00,Unknown,64.03914983264652,No Feedback
569,48.0,39531.61379298708,Unknown,La,2022-05-03,2023-12-01 20:59:00,Unknown,56.175164086227866,No Feedback
570,53.0,66034.45025365797,Unknown,Los Angeles,2022-04-10,2023-12-12 03:17:00,Pending,35.82817466123569,No Feedback
571,40.0,65738.34857344646,F,New York,2022-03-01,,Unknown,73.19529923903544,Bad
572,48.0,57687.55770085089,Female,Unknown,2022-03-01,2023-05-02 09:32:00,Unknown,60.27358350049738,Average
573,68.0,70205.58021064142,Unknown,Unknown,2022-11-20,,Active,53.97547300690457,Good
574,17.0,79956.25436528055,M,Los Angeles,2022-11-01,,Active,53.511696071717786,No Feedback
575,64.0,58789.58955387383,Unknown,Unknown,2022-06-18,,Active,83.64524688514115,No Feedback
576,26.0,38966.10223800596,Unknown,Los Angeles,2022-06-06,,Unknown,35.398755614937016,Good
577,79.0,28374.848581610386,Unknown,New York,2022-10-14,2023-02-12 04:44:00,Inactive,58.30511656735493,Good
578,68.0,60722.20350660256,Unknown,New York,2022-05-26,,Pending,39.42741016799645,Bad
579,19.0,64837.33403027082,M,New York,2022-08-18,,Pending,11.273883873199935,Average
580,71.0,40609.522209600414,Unknown,Nyc,2022-07-15,,Unknown,10.745309502742389,No Feedback
581,31.0,74515.33646326065,Other,Los Angeles,2022-04-10,,Inactive,29.70727250046573,No Feedback
582,61.0,50820.86228350853,Unknown,New York,2022-06-25,,Inactive,36.83113667975409,Bad
583,37.0,26871.34269657699,Other,Nyc,2022-01-10,2023-05-11 03:20:00,Pending,93.45899498721728,Average
584,28.0,85128.72684690378,Unknown,Los Angeles,2022-01-04,,Suspended,63.96776868612178,Bad
585,47.0,82879.75838404326,Male,Nyc,2022-09-04,,Active,65.7668604171884,No Feedback
586,65.0,19688.01126673804,Male,La,2022-08-13,,Active,37.25842987499288,Good
587,52.0,48747.99436692616,Male,Unknown,2022-04-23,2023-10-09 01:47:00,Pending,51.22654339038896,No Feedback
588,78.0,47968.32637171447,Unknown,New York,2022-12-09,,Inactive,96.1230596949243,Average
589,52.0,92789.77318835004,Other,Los Angeles,2022-12-09,2023-05-03 11:11:00,Unknown,25.711646524448707,No Feedback
590,64.0,58014.14579916687,Other,Unknown,2022-04-16,2023-11-01 20:14:00,Suspended,59.12477594734628,No Feedback
591,44.0,30082.436038891647,Other,Unknown,2022-04-17,2023-05-02 09:32:00,Pending,82.22591533820525,Good
592,65.0,77642.09564481757,M,Los Angeles,2022-12-09,2023-04-03 23:53:00,Active,69.3188617094448,Bad
593,77.0,35384.48908467838,Other,La,2022-06-25,,Unknown,86.03079227850466,Bad
594,66.0,54793.19018556477,M,Nyc,2022-07-15,2023-12-12 03:17:00,Inactive,54.257305130542576,No Feedback
595,52.0,44604.62244238246,Male,New York,2022-06-06,,Unknown,62.06906050374195,Good
596,44.0,48790.8980344012,Male,Nyc,2022-10-07,,Unknown,52.19548773580746,No Feedback
597,65.0,78745.16179127878,Unknown,New York,2022-12-02,,Pending,60.666911182791615,No Feedback
598,19.0,90426.60322664332,Unknown,Nyc,2022-12-19,2023-07-01 13:57:00,Active,31.69587175393154,No Feedback
599,43.0,34512.625072412426,Male,Unknown,2022-03-05,,Suspended,65.84696817887364,No Feedback
600,18.0,72521.52851015635,Unknown,Los Angeles,2022-01-03,,Unknown,55.884966255341126,No Feedback
601,24.0,45344.92740620008,Unknown,New York,2022-08-07,2023-06-04 07:28:00,Suspended,51.25318732509095,No Feedback
602,70.0,45966.56179951849,Unknown,Nyc,2022-03-12,,Unknown,84.92783275631709,Bad
603,31.0,69812.7244284543,Female,New York,2022-06-06,,Active,44.69229201790451,Average
604,31.0,39441.9446857261,Female,New York,2022-08-08,2023-06-03 12:42:00,Unknown,74.15644069240865,No Feedback
605,48.0,69412.0520155009,F,New York,2022-04-17,2023-07-08 10:38:00,Unknown,76.14557194199512,No Feedback
606,20.0,74602.2671301947,Unknown,New York,2022-12-10,,Suspended,67.11088769170927,Average
607,67.0,51349.35476601964,F,Los Angeles,2022-12-19,,Suspended,30.698006585268413,No Feedback
608,47.0,86541.56204027333,F,La,2022-11-24,,Unknown,57.1815659468631,Average
609,57.0,34543.50775876986,Female,Unknown,2022-12-02,2023-07-01 15:45:00,Active,89.16948602263,No Feedback
610,37.0,86908.12381223345,Unknown,Unknown,2022-11-10,2023-07-01 13:57:00,Suspended,13.628929306265924,Average
611,69.0,21120.251410297344,Female,New York,2022-09-04,2023-07-01 15:45:00,Pending,46.246830114075976,Average
612,30.0,113994.28280839018,F,La,2022-06-25,2023-02-12 04:44:00,Unknown,73.246170393364,Average
613,22.0,51875.95522756335,Unknown,Unknown,2022-08-20,,Unknown,47.69358800424724,Average
614,18.0,36753.85687224765,F,Unknown,2022-05-21,2023-03-01 07:07:00,Inactive,66.19775633947745,Good
615,18.0,55346.56182960003,Other,Unknown,2022-11-25,,Inactive,78.18382057198247,No Feedback
616,70.0,39070.44114751143,Unknown,Los Angeles,2022-02-18,2023-01-03 02:59:00,Active,54.64012566297605,No Feedback
617,39.0,67739.30597709084,Unknown,Unknown,2022-11-22,2023-12-05 22:28:00,Pending,60.179810417110815,No Feedback
618,41.0,87353.14662940294,Unknown,Unknown,2022-04-23,,Suspended,51.83741867160402,No Feedback
619,46.0,40130.87547886645,Unknown,Unknown,2022-01-09,,Inactive,55.95611763940634,Good
620,64.0,71587.98478348006,F,New York,2022-04-16,,Active,92.0520486979254,Good
621,75.0,29345.29262208481,Other,New York,2022-07-03,2023-12-05 22:28:00,Unknown,48.72103014638705,Good
622,65.0,80659.09466457224,M,Los Angeles,2022-12-02,,Pending,42.93691924108838,No Feedback
623,33.0,68324.72733855191,Unknown,La,2022-03-13,,Pending,70.83508458039525,Good
624,35.0,81523.6664266064,Female,Nyc,2022-08-14,2023-10-09 01:47:00,Active,33.141553355164135,Average
625,19.0,57553.06194717789,F,Unknown,2022-02-08,2023-10-09 01:47:00,Active,37.70557085469519,No Feedback
626,56.0,51296.86804290496,Unknown,New York,2022-12-06,,Suspended,37.83309412094755,Bad
627,75.0,76322.34872114666,Unknown,Unknown,2022-11-02,2023-08-07 12:58:00,Active,44.8825095508392,No Feedback
628,36.0,33839.029568831626,Unknown,Nyc,2022-12-09,,Suspended,45.75601070259883,Good
629,35.0,25143.51336532849,Female,La,2022-03-05,,Suspended,63.981991793310144,No Feedback
630,15.0,59900.76031919924,Female,New York,2022-06-06,2023-07-11 14:53:00,Unknown,43.15276729482646,Good
631,19.0,52208.06786282415,Female,Nyc,2022-04-17,2023-11-08 21:25:00,Pending,64.78926938470374,No Feedback
632,26.0,71076.66663563091,Unknown,Los Angeles,2022-08-15,2023-03-04 04:08:00,Unknown,67.28361409683565,Good
633,60.0,81831.02848627995,M,New York,2022-07-22,2023-03-01 07:07:00,Pending,36.92977601333919,Good
634,48.0,70660.28158302278,Male,New York,2022-03-12,,Pending,66.85412037396901,Good
635,63.0,80238.06623653491,F,Nyc,2022-10-17,,Unknown,68.66836965916576,Good
636,59.0,66421.04666664328,Male,Unknown,2022-06-18,,Suspended,14.781271267382827,No Feedback
637,41.0,69891.91496642197,Unknown,New York,2022-12-19,,Suspended,55.86961905747934,No Feedback
638,40.0,57666.855803354585,Male,Los Angeles,2022-07-15,,Active,39.87183783398173,No Feedback
639,61.0,69300.90922030364,Unknown,Unknown,2022-12-19,,Unknown,76.06129960664884,Good
640,70.0,63333.05657127027,Male,Unknown,2022-10-17,,Active,39.667876294528746,Good
641,77.0,66503.53593058127,Female,New York,2022-07-03,,Unknown,23.210336893786604,Good
642,62.0,56665.51933826322,Other,New York,2022-04-06,,Active,49.40366366662344,Good
643,75.0,76178.58400942596,Female,Los Angeles,2022-12-19,,Inactive,32.060553918017646,Average
644,40.0,45790.94900330097,Female,Unknown,2022-12-11,,Pending,66.99170529075776,Average
645,50.0,59633.01958191787,Unknown,Nyc,2022-07-06,,Pending,33.827750022364256,Bad
646,15.0,86235.67800415152,Unknown,Los Angeles,2022-07-22,,Unknown,49.64987101623446,Good
647,22.0,41025.563541577496,Male,Nyc,2022-06-10,2023-06-02 19:32:00,Suspended,80.91620854328329,Bad
648,66.0,16763.09076494738,Unknown,Unknown,2022-08-07,,Unknown,71.97057244428272,No Feedback
649,61.0,67329.14332595943,Female,La,2022-12-09,,Inactive,59.55678406577898,Bad
650,70.0,54860.910192930016,Male,Unknown,2022-11-03,2023-05-03 11:11:00,Unknown,47.448445748954505,No Feedback
651,28.0,80217.24480743679,Unknown,Los Angeles,2022-10-05,,Pending,57.657929124221766,Average
652,42.0,57389.69840206012,Other,Nyc,2022-11-01,2023-06-03 12:42:00,Suspended,63.77967905450108,Average
653,16.0,47913.21856873376,F,New York,2022-01-10,,Inactive,30.267952735690223,Good
654,40.0,58483.65208363573,Male,Los Angeles,2022-12-11,2023-04-02 16:03:00,Pending,67.02674487847679,Good
655,28.0,81861.37173226422,Other,New York,2022-10-23,,Active,27.966118948858384,No Feedback
656,73.0,71507.3925438475,F,Unknown,2022-04-17,,Unknown,61.44903870024553,No Feedback
657,70.0,11321.954869039306,M,Unknown,2022-03-13,,Inactive,27.86219190900718,No Feedback
658,21.0,63715.34984173543,Male,Nyc,2022-06-25,,Suspended,89.25592486741229,No Feedback
659,17.0,64715.2426480281,Male,Los Angeles,2022-03-05,2023-11-01 20:14:00,Unknown,65.26683249874077,Good
660,37.0,59635.00069598961,M,Unknown,2022-02-17,,Unknown,18.879494424280917,Good
661,32.0,47782.20216862822,M,Nyc,2022-08-18,2023-01-03 03:13:00,Inactive,49.98146747539694,No Feedback
662,52.0,83890.6374901289,Male,Los Angeles,2022-12-11,,Suspended,39.571559118307285,No Feedback
663,29.0,84880.67896269723,M,New York,2022-03-01,,Inactive,37.20546140437271,No Feedback
664,78.0,15936.790783482764,Female,New York,2022-08-14,,Suspended,52.942070529368365,Average
665,42.0,44040.81044517111,F,New York,2022-01-04,2023-02-11 13:01:00,Unknown,31.440125006630037,Bad
666,53.0,57105.3869742856,F,La,2022-08-11,,Pending,65.22931529968872,Bad
667,71.0,78970.1640743334,F,Los Angeles,2022-11-07,,Active,64.09308173998684,Good
668,31.0,60697.05752783533,Female,Nyc,2022-08-13,2023-07-01 15:45:00,Pending,57.02849549883971,Average
669,58.0,46328.123996701535,Unknown,New York,2022-11-02,,Active,49.60990942918271,No Feedback
670,39.0,74190.6715461475,M,Unknown,2022-10-07,2023-01-03 03:13:00,Unknown,63.19636571889964,Good
671,31.0,55773.27828898015,Other,New York,2022-04-16,,Pending,65.82771012155968,Average
672,27.0,57651.9828169008,M,Los Angeles,2022-11-25,2023-06-11 01:42:00,Pending,59.09835473483362,No Feedback
673,39.0,59456.83133191848,Male,Los Angeles,2022-03-21,,Inactive,23.76251953639525,No Feedback
674,24.0,71486.16881676968,Unknown,New York,2022-06-06,,Unknown,34.23227772261987,Average
675,32.0,53829.00796652425,F,Los Angeles,2022-12-10,,Unknown,44.63878157015776,Good
676,48.0,73738.92985294445,M,La,2022-11-27,2023-12-01 20:59:00,Suspended,20.48418204300605,Bad
677,22.0,58538.62063185855,Other,New York,2022-09-04,,Unknown,54.4800626666306,No Feedback
678,54.0,38659.66827164248,Male,New York,2022-06-10,,Suspended,78.22010414647234,No Feedback
679,56.0,59264.47388609104,Female,Unknown,2022-03-12,2023-10-10 06:47:00,Suspended,75.03380733519185,No Feedback
680,55.0,39695.7319370957,Unknown,Nyc,2022-11-04,2023-06-03 12:42:00,Active,64.7925228800975,No Feedback
681,20.0,60819.735795518834,Female,La,2022-12-10,,Suspended,64.5542386774311,No Feedback
682,66.0,76589.47858462932,Other,New York,2022-04-11,,Suspended,94.30591061926762,Average
683,40.0,38527.419879957706,Male,La,2022-10-07,,Inactive,66.87727664356724,Good
684,78.0,67285.46811608877,F,New York,2022-06-06,,Pending,68.51271373576694,Good
685,73.0,43419.25083293584,M,Nyc,2022-09-04,,Unknown,21.22170611327691,No Feedback
686,70.0,64034.01119833094,Male,Nyc,2022-11-03,,Unknown,76.65637588712536,No Feedback
687,73.0,77204.08484040969,Unknown,Los Angeles,2022-02-16,2023-08-07 12:58:00,Suspended,57.96994700611125,Good
688,47.0,17409.738517799175,Female,Los Angeles,2022-01-04,2023-01-03 02:59:00,Unknown,48.40431309134645,No Feedback
689,67.0,37710.48346257309,Unknown,New York,2022-01-10,,Unknown,43.44723751863522,Good
690,36.0,52620.41109780156,Unknown,Unknown,2022-11-02,,Suspended,39.0280912666151,No Feedback
691,35.0,66300.8097836323,Other,Los Angeles,2022-11-21,,Active,75.13553756721791,No Feedback
692,18.0,56672.33341283353,Other,New York,2022-12-06,,Active,49.43282141485252,No Feedback
693,76.0,59082.38436038162,M,Los Angeles,2022-11-10,,Active,39.766428822595046,Bad
694,76.0,100859.69050702514,Other,Nyc,2022-02-23,,Suspended,34.569063905397705,Bad
695,38.0,35750.85442301545,Other,La,2022-03-06,,Inactive,53.411975889257135,No Feedback
696,69.0,82709.70032725541,Male,Unknown,2022-11-24,2023-07-01 15:45:00,Unknown,42.80780591564434,Average
697,23.0,53000.43745691166,F,Los Angeles,2022-04-22,,Suspended,38.2448889500069,No Feedback
698,17.0,70989.49584997469,M,New York,2022-11-04,2023-07-08 10:38:00,Inactive,22.3568806144906,Average
699,45.0,102578.931114912,Male,New York,2022-10-07,2023-03-01 07:07:00,Inactive,69.18714719008995,Bad
700,54.0,73773.56047370852,F,Unknown,2022-05-21,,Unknown,47.23953449100468,No Feedback
701,50.0,67449.9141958,Unknown,Los Angeles,2022-11-10,,Suspended,28.29522685951959,No Feedback
702,38.0,91982.44670298752,Male,Unknown,2022-12-05,,Suspended,44.575277173342336,Good
703,20.0,82495.97289186383,Unknown,Nyc,2022-12-02,,Inactive,60.98264111931235,Bad
704,47.0,44012.11847677129,Male,New York,2022-05-24,,Inactive,50.57681743206624,No Feedback
705,18.0,65890.4948490771,Other,New York,2022-11-02,2023-02-12 04:44:00,Inactive,53.8198749554122,Bad
706,20.0,25650.085317184807,F,La,2022-02-23,,Unknown,50.85096515980619,No Feedback
707,65.0,49196.93223251498,M,Los Angeles,2022-05-21,,Suspended,24.462884471178377,No Feedback
708,76.0,66281.05935199719,M,Los Angeles,2022-12-02,,Inactive,68.97017086527062,No Feedback
709,71.0,47957.89294437482,F,Unknown,2022-12-11,2023-04-07 18:53:00,Active,15.835076792361347,No Feedback
710,47.0,65467.334919438494,Other,Unknown,2022-12-06,2023-06-03 12:42:00,Suspended,59.23073149222884,Average
711,22.0,59732.30768693922,Female,La,2022-03-12,2023-11-01 20:14:00,Unknown,62.3114184299089,No Feedback
712,40.0,70728.33464790086,Male,Nyc,2022-03-01,,Active,45.60312592441635,Bad
713,65.0,51516.01955943778,Other,Los Angeles,2022-03-21,,Pending,57.06845047611114,No Feedback
714,59.0,41197.02171126573,Unknown,Unknown,2022-04-11,,Suspended,44.45729061519559,Good
715,58.0,89562.53652346521,Unknown,Los Angeles,2022-04-11,,Pending,57.30990406182229,Bad
716,19.0,50086.06514620111,F,Los Angeles,2022-11-21,2023-05-11 03:20:00,Inactive,69.85845087037809,No Feedback
717,40.0,73200.21186234236,Male,Unknown,2022-05-21,2023-01-03 02:59:00,Unknown,34.157471472293274,No Feedback
718,33.0,88704.94052945072,M,New York,2022-12-02,,Inactive,63.47929717904606,No Feedback
719,34.0,63253.39997995064,Unknown,Unknown,2022-06-18,,Unknown,83.84796004776223,No Feedback
720,26.0,42873.86861113701,Female,Nyc,2022-11-20,2023-12-12 03:17:00,Unknown,55.29130525068721,Good
721,61.0,56427.80050905311,Unknown,Los Angeles,2022-05-16,2023-04-02 16:03:00,Inactive,39.93791551157176,No Feedback
722,15.0,80350.81833213507,M,Los Angeles,2022-11-04,,Pending,95.26465678171073,Bad
723,28.0,64124.95091475726,F,New York,2022-12-09,2023-02-12 04:44:00,Unknown,51.77412478089515,No Feedback
724,78.0,35897.16415591446,Male,New York,2022-03-21,,Inactive,54.63059807605755,Bad
725,52.0,71932.87667067425,F,New York,2022-11-02,,Suspended,55.04748419067214,Good
726,51.0,75390.62938101997,Unknown,Los Angeles,2022-06-18,2023-12-06 15:16:00,Unknown,58.95726655198562,No Feedback
727,25.0,52893.76227764133,Male,Los Angeles,2022-12-11,2023-07-08 10:38:00,Unknown,43.22250109102029,No Feedback
728,17.0,72204.88751209492,Other,La,2022-07-15,,Inactive,53.79981721408342,No Feedback
729,47.0,64900.37190920935,Female,Unknown,2022-12-21,2023-11-01 20:14:00,Unknown,69.0436748687354,Bad
730,20.0,56051.409227159216,Other,La,2022-03-03,,Inactive,42.53197957530488,Bad
731,64.0,34129.28512812673,Other,La,2022-01-09,,Pending,41.60012045746609,Bad
732,24.0,81559.07790211515,F,New York,2022-12-11,2023-06-11 01:42:00,Pending,44.15831049062697,No Feedback
733,19.0,75184.21999839667,Unknown,New York,2022-09-04,,Unknown,28.04454364031635,No Feedback
734,37.0,71677.72588750625,Female,Los Angeles,2022-03-13,,Unknown,36.34321076296864,Good
735,24.0,90890.52007356189,Male,La,2022-12-19,,Inactive,35.52840152719809,Bad
736,58.0,78903.87454027188,Male,New York,2022-04-10,2023-06-04 07:28:00,Pending,49.98954952663944,No Feedback
737,16.0,73731.32012303126,Unknown,Unknown,2022-11-01,,Pending,66.72291311411534,No Feedback
738,27.0,15735.453039463377,M,Nyc,2022-05-21,,Unknown,79.07428193758943,Average
739,54.0,83937.89903604831,Unknown,La,2022-04-10,,Suspended,51.14377234383729,Good
740,16.0,61661.61028564101,Unknown,Unknown,2022-05-16,,Unknown,59.12939502857416,No Feedback
741,79.0,66249.83360514278,Male,Los Angeles,2022-05-03,,Active,54.86787611815391,Bad
742,77.0,66386.66379386772,F,Nyc,2022-11-27,2023-06-03 13:51:00,Unknown,8.131220895866832,Average
743,31.0,75476.6548728456,Other,Nyc,2022-08-09,,Inactive,27.04218176279452,Good
744,23.0,82443.50057603371,Unknown,Los Angeles,2022-11-24,,Suspended,65.2252858232948,No Feedback
745,29.0,72684.82286118445,Other,La,2022-11-16,,Inactive,67.16970343839158,Average
746,38.0,69505.71178639783,Other,New York,2022-03-11,,Active,66.7121605023994,No Feedback
747,52.0,64630.25478591143,Female,Los Angeles,2022-03-05,,Suspended,46.44376031073222,Average
749,63.0,54248.17961099624,Unknown,Los Angeles,2022-12-06,2023-06-06 11:07:00,Pending,29.429500286416555,Good
750,76.0,41168.20965298709,F,Nyc,2022-04-11,,Unknown,32.48984308705676,No Feedback
751,74.0,84214.7907787817,Female,Unknown,2022-05-21,,Inactive,62.57537158181424,No Feedback
752,64.0,72380.74396572588,M,New York,2022-11-21,2023-10-09 06:21:00,Active,42.85257807166808,Bad
753,23.0,50837.26025572531,F,Unknown,2022-03-03,2023-07-01 13:57:00,Pending,83.80801016260835,No Feedback
754,48.0,52845.65635461512,Unknown,New York,2022-04-23,,Unknown,79.35276675721516,Average
755,49.0,52120.372733951575,F,La,2022-11-10,2023-05-11 03:20:00,Pending,83.47396892441726,Good
756,15.0,51763.476913621605,F,La,2022-04-23,,Unknown,31.66974012713556,No Feedback
757,54.0,31108.85112950405,Other,Unknown,2022-03-11,,Unknown,59.81782424283143,No Feedback
758,78.0,26774.410134444646,F,New York,2022-11-02,2023-02-11 13:01:00,Suspended,40.449518221242606,No Feedback
759,36.0,60580.93544763488,Unknown,Los Angeles,2022-12-10,,Pending,56.55743636466581,Good
760,74.0,81506.28278718708,Unknown,Unknown,2022-11-25,2023-06-03 13:51:00,Pending,33.8877251451208,No Feedback
761,78.0,49246.20605144274,Male,New York,2022-04-22,,Pending,74.5231273510291,Bad
762,25.0,66068.89501848091,F,La,2022-12-10,2023-04-02 16:03:00,Suspended,34.26136899592228,No Feedback
763,28.0,74685.2183435345,Other,Unknown,2022-11-21,,Active,11.055219506578048,Bad
764,74.0,40132.43588832287,F,Los Angeles,2022-06-06,2023-08-04 09:25:00,Unknown,90.67561631486323,Average
765,44.0,59600.49142560194,M,Unknown,2022-06-25,2023-01-03 03:13:00,Unknown,58.84993359135861,Average
766,49.0,46669.5903745297,M,Unknown,2022-12-05,2023-12-01 20:59:00,Pending,28.61746471163744,No Feedback
767,51.0,92122.38983662588,Other,Unknown,2022-12-21,2023-12-01 20:59:00,Suspended,46.75457769861726,Bad
768,19.0,91249.19013724229,Male,La,2022-12-10,,Active,38.46285810566231,No Feedback
769,40.0,40153.143202502986,Male,Los Angeles,2022-06-06,,Unknown,50.1148289360888,Average
770,76.0,67717.68766168652,Unknown,Los Angeles,2022-01-10,2023-07-11 08:53:00,Suspended,66.05561671829642,No Feedback
771,18.0,81351.98601624981,Unknown,New York,2022-07-06,2023-12-06 15:16:00,Unknown,62.91558185807261,Good
772,56.0,76966.5900075266,Female,New York,2022-04-22,,Unknown,55.07458041017028,Good
773,32.0,61631.26069968731,Other,New York,2022-10-26,,Unknown,50.105062266190174,Bad
774,54.0,86131.14923528695,F,New York,2022-01-10,,Pending,71.57341515056021,No Feedback
775,53.0,41909.70622021135,Unknown,Unknown,2022-03-22,,Unknown,11.49083563326213,No Feedback
776,28.0,53938.14111210616,Other,Unknown,2022-05-16,2023-06-08 03:44:00,Active,35.021346134791244,No Feedback
777,46.0,42447.1516048085,Female,New York,2022-10-19,2023-06-08 03:44:00,Suspended,30.426743334876647,Bad
778,65.0,75649.86989401243,Unknown,New York,2022-05-26,,Active,70.12515546005783,Good
779,52.0,48347.26251401097,Other,La,2022-09-04,2023-02-12 04:44:00,Pending,35.21814768643058,Bad
780,37.0,56575.01649125829,Other,La,2022-10-07,2023-07-11 14:53:00,Active,24.280892154191037,No Feedback
781,77.0,72353.40736531498,Unknown,New York,2022-08-15,,Active,60.98655092233866,No Feedback
782,29.0,73964.99827555633,Female,Los Angeles,2022-07-15,,Inactive,31.82504838180549,No Feedback
783,39.0,41857.47307489499,Unknown,Nyc,2022-02-08,,Active,42.98547034983285,Average
784,31.0,81133.10567545585,Male,La,2022-02-08,,Unknown,97.62287801763397,No Feedback
785,47.0,69113.79337334502,F,Nyc,2022-11-26,,Suspended,65.74277108006947,Average
786,67.0,38365.94320839197,Unknown,Unknown,2022-11-16,,Inactive,45.77918785170651,Average
787,65.0,33445.682084867745,Female,Los Angeles,2022-10-14,,Suspended,47.577437481116334,Average
788,53.0,59683.605794758645,M,New York,2022-11-26,2023-04-03 23:53:00,Suspended,68.14975172442944,Bad
789,65.0,77001.87978633618,Male,Los Angeles,2022-06-06,2023-11-06 18:07:00,Pending,63.25740860209261,Good
790,20.0,77514.31724801961,M,La,2022-03-22,2023-12-05 22:28:00,Pending,51.51198978901874,No Feedback
791,21.0,67123.33754449686,Unknown,New York,2022-11-07,,Inactive,52.07119884478849,Bad
792,65.0,60973.49676653652,Unknown,Unknown,2022-12-06,,Unknown,20.403030391240563,Good
793,56.0,70234.7533815801,Male,New York,2022-01-10,,Pending,16.199788998621266,No Feedback
794,78.0,42893.389712214834,F,Los Angeles,2022-08-14,2023-06-02 19:32:00,Pending,46.46355448452991,No Feedback
795,29.0,93739.75726050785,Unknown,Unknown,2022-04-16,2023-02-11 13:01:00,Pending,37.33429629307711,No Feedback
796,43.0,93478.7683624504,F,Unknown,2022-11-07,2023-04-02 16:03:00,Suspended,61.72158068680727,No Feedback
797,47.0,68576.24629241395,Other,Nyc,2022-12-02,,Inactive,53.94359487611252,No Feedback
798,41.0,63946.00839985704,M,Los Angeles,2022-02-16,2023-08-07 12:58:00,Suspended,34.54451213011241,No Feedback
799,50.0,51771.58054681259,Male,New York,2022-04-23,,Unknown,53.26396918992715,No Feedback
800,43.0,70574.97691599322,F,Unknown,2022-07-06,2023-12-05 22:28:00,Suspended,41.63534428890154,Bad
801,52.0,46173.652579664464,Female,Los Angeles,2022-10-14,2023-04-02 16:03:00,Unknown,91.33202756028058,Bad
802,71.0,15527.759380089388,F,New York,2022-11-16,,Active,57.72484597925914,Good
803,41.0,5717.853990178272,Female,La,2022-11-24,2023-03-01 07:07:00,Active,18.78786025934143,Bad
804,69.0,44010.03333673027,Unknown,Unknown,2022-05-03,2023-07-01 13:57:00,Unknown,86.41030200439164,Average
805,47.0,63127.56245836555,Male,La,2022-11-02,,Unknown,37.337019920855,No Feedback
806,47.0,66639.43467906966,F,Unknown,2022-11-26,2023-07-08 10:38:00,Suspended,30.50526018439661,Bad
807,24.0,50264.859829814304,Unknown,La,2022-04-16,,Unknown,92.8737330508704,Good
808,19.0,62836.70334285807,F,Unknown,2022-08-14,,Inactive,56.91673315591128,Good
809,52.0,54515.43285890938,Unknown,Los Angeles,2022-08-08,,Active,64.01532014410971,Average
810,27.0,40013.74484699725,Male,Los Angeles,2022-08-08,2023-03-01 07:07:00,Active,64.66120231744301,Good
811,45.0,58925.10982061749,F,Unknown,2022-08-18,2023-12-05 22:28:00,Unknown,45.88020567524393,No Feedback
812,61.0,76259.142247313,Female,Unknown,2022-01-03,,Unknown,38.5518945962736,No Feedback
813,66.0,40918.76504507355,F,Unknown,2022-08-15,,Pending,41.8148509012452,No Feedback
814,70.0,40927.90773960604,M,La,2022-06-18,2023-01-03 02:59:00,Pending,82.17732558488066,No Feedback
815,29.0,38614.98812095684,Unknown,New York,2022-05-15,,Unknown,54.07575106413617,No Feedback
816,43.0,21269.625309837684,Other,Unknown,2022-06-18,2023-12-01 20:59:00,Inactive,76.25830079432274,Bad
817,22.0,50395.95251705962,Female,Unknown,2022-07-26,,Pending,48.471097455430034,No Feedback
818,19.0,74281.72225905061,M,La,2022-04-17,,Unknown,34.89232845312511,Bad
819,43.0,63478.32167667525,Unknown,New York,2022-11-04,,Unknown,21.155670522638918,No Feedback
820,61.0,56614.98231887387,Unknown,La,2022-12-09,2023-04-02 16:03:00,Inactive,62.9600637030808,Bad
821,59.0,62581.29596480338,Male,Los Angeles,2022-06-18,,Inactive,83.88196156823948,Average
822,16.0,50220.37025141684,Female,Los Angeles,2022-07-15,,Suspended,32.28053983506999,Good
823,41.0,21042.26725473056,Other,New York,2022-10-23,,Inactive,60.267451372760405,Good
824,50.0,75674.37563629131,Unknown,Los Angeles,2022-10-19,,Pending,22.487685686384985,Average
825,50.0,81422.49147569302,Unknown,Los Angeles,2022-09-04,2023-12-05 22:28:00,Pending,38.88606645876217,No Feedback
826,40.0,45436.86447864426,Other,Los Angeles,2022-11-10,2023-04-07 18:53:00,Unknown,55.35873570749095,No Feedback
827,57.0,56983.28758786889,Male,New York,2022-04-16,2023-04-07 18:53:00,Unknown,15.43411828659196,No Feedback
828,41.0,55260.0165787968,Male,Los Angeles,2022-01-04,,Inactive,49.63953494541235,Good
829,34.0,67025.77618849083,Unknown,New York,2022-10-23,,Unknown,33.26599053165709,No Feedback
830,25.0,93797.8691325258,Female,Los Angeles,2022-11-25,2023-09-08 11:25:00,Active,62.09518451476548,Bad
831,52.0,83195.82490578611,Unknown,Nyc,2022-02-23,,Suspended,46.69198715692941,No Feedback
832,20.0,52461.71549172208,F,Unknown,2022-04-23,2023-07-11 14:53:00,Active,68.78878038935166,No Feedback
833,37.0,70849.27723000474,Male,New York,2022-11-16,,Inactive,44.4080342651037,Average
834,61.0,85087.13737145426,Unknown,Nyc,2022-11-16,,Inactive,22.752409603409816,Bad
835,60.0,68166.90328789556,F,Los Angeles,2022-11-02,,Active,20.260798379274693,No Feedback
836,26.0,59906.01191119656,M,New York,2022-05-21,2023-02-11 13:01:00,Suspended,11.819809928840613,Bad
837,27.0,68920.00189334372,Other,New York,2022-11-07,,Active,62.65915665219978,No Feedback
839,74.0,48854.37751791838,Other,Los Angeles,2022-11-21,,Pending,58.70476274370263,No Feedback
840,57.0,38719.31529597806,Unknown,Nyc,2022-11-03,2023-06-11 01:42:00,Unknown,83.44093764008682,Average
841,19.0,66141.29033140486,F,Los Angeles,2022-01-08,2023-07-11 08:53:00,Unknown,72.6714658157804,No Feedback
842,51.0,57371.941879555234,Unknown,New York,2022-02-17,2023-04-03 23:53:00,Pending,39.63327980251828,No Feedback
843,45.0,43537.63877303841,M,New York,2022-08-13,,Unknown,75.30631961981251,Average
844,23.0,56716.411767589896,Male,New York,2022-11-20,,Unknown,40.4285061697497,No Feedback
845,65.0,69399.9652152634,M,Los Angeles,2022-03-12,,Unknown,40.82584260923282,No Feedback
847,54.0,80241.35729407717,Unknown,Los Angeles,2022-04-23,,Unknown,46.7760395534574,Bad
848,55.0,14317.042850353197,Male,Unknown,2022-05-15,,Suspended,63.22738926372295,No Feedback
849,25.0,64786.169336406914,Other,Unknown,2022-01-08,,Active,36.58226528218389,No Feedback
850,37.0,88586.48525425709,Unknown,Unknown,2022-10-17,,Suspended,67.78205557165954,Good
851,15.0,33242.53017579535,M,Los Angeles,2022-05-03,,Active,67.49488166062942,No Feedback
852,60.0,71031.18540424848,F,Unknown,2022-05-26,2023-12-05 22:28:00,Unknown,56.8592706488897,Bad
853,35.0,55267.15628937908,M,Nyc,2022-02-08,2023-10-09 06:21:00,Unknown,88.7922381721489,Average
854,50.0,83005.81061832322,Other,Los Angeles,2022-02-17,,Active,75.74785297316618,Average
855,68.0,68085.14390026905,Male,Unknown,2022-08-08,2023-06-03 12:42:00,Suspended,71.3945858040093,Average
856,71.0,42319.69090881587,Other,Los Angeles,2022-05-03,,Active,51.32306749086503,Good
857,15.0,55982.970434187606,Female,Los Angeles,2022-08-13,2023-07-01 13:57:00,Unknown,57.03532275628652,Bad
858,77.0,57166.08647904754,Female,Unknown,2022-07-03,2023-10-10 06:47:00,Inactive,60.476147261755074,No Feedback
859,68.0,57536.43570379901,F,Unknown,2022-12-10,,Unknown,50.264827470552106,Average
860,69.0,82385.25889550525,Other,Nyc,2022-03-13,,Inactive,42.48861079383058,Bad
861,54.0,43147.6015721954,Unknown,La,2022-06-18,2023-04-07 18:53:00,Unknown,1.885745142473766,No Feedback
862,29.0,80061.02619322368,F,New York,2022-10-23,2023-07-11 14:53:00,Unknown,64.35530818249646,Good
863,35.0,53955.0064815696,Unknown,Unknown,2022-11-26,,Unknown,70.82894433766708,Bad
864,61.0,64470.2221265833,F,New York,2022-04-10,,Unknown,26.77762287686328,Bad
865,67.0,61447.55172562068,Female,Los Angeles,2022-03-21,2023-08-07 12:58:00,Unknown,62.10337299440983,No Feedback
866,23.0,59563.89323836331,F,New York,2022-11-07,2023-03-04 04:08:00,Pending,38.16946643364952,Bad
867,66.0,59727.94331109356,Female,Nyc,2022-12-06,,Inactive,42.66941635185854,No Feedback
868,71.0,89147.17116542041,Male,Nyc,2022-11-10,2023-07-01 13:57:00,Inactive,76.21521054726708,Good
869,40.0,76848.99849812289,Unknown,New York,2022-06-06,,Pending,30.187312195719723,Good
870,55.0,52745.6862084014,Other,Unknown,2022-04-06,,Suspended,30.1570442261356,No Feedback
871,49.0,91655.74508244183,F,Unknown,2022-11-02,,Inactive,86.09668731287996,No Feedback
872,77.0,65493.62147985706,Female,New York,2022-10-07,,Active,47.08886602927233,No Feedback
873,39.0,67152.48518647789,M,New York,2022-10-17,,Unknown,74.93091186462135,Average
874,52.0,43253.61841337217,Unknown,La,2022-03-11,,Unknown,18.02594276342131,Average
875,16.0,50050.0268318972,F,New York,2022-02-18,,Pending,19.627934608182937,No Feedback
876,21.0,46229.92984145648,Unknown,New York,2022-04-17,2023-12-12 03:17:00,Inactive,31.741109688431575,Good
877,48.0,61721.4572998735,Male,Nyc,2022-11-04,,Suspended,40.37078446934622,No Feedback
878,31.0,72775.66158896418,Male,La,2022-08-13,,Inactive,21.93426806693776,Average
879,57.0,67344.64598844427,M,Los Angeles,2022-02-23,2023-02-12 04:44:00,Unknown,57.38592952859999,Bad
880,73.0,91760.88312139164,Female,New York,2022-04-06,,Unknown,58.69188337313564,Good
881,65.0,42244.839895775294,F,New York,2022-04-10,,Active,32.03714244322925,No Feedback
882,68.0,62297.38087077764,Unknown,La,2022-01-08,2023-12-05 22:28:00,Pending,33.628026012183966,Bad
883,38.0,34341.21341403411,Female,Unknown,2022-01-08,,Unknown,36.26437132296877,No Feedback
884,39.0,41562.580567934754,Male,Unknown,2022-10-23,2023-10-09 06:21:00,Suspended,26.70228402213917,Good
886,47.0,50736.70267057069,Male,Unknown,2022-10-17,2023-09-12 19:55:00,Unknown,48.29919387710269,No Feedback
887,63.0,43932.72407879458,Female,New York,2022-06-25,2023-09-12 19:55:00,Suspended,41.39124614598047,No Feedback
888,43.0,17400.462488341058,M,La,2022-03-13,,Unknown,43.43708310346853,Bad
889,77.0,43732.90704422165,Other,Unknown,2022-08-18,2023-01-03 02:59:00,Pending,29.763929579824563,No Feedback
890,36.0,55894.39451610042,M,La,2022-02-16,2023-04-07 18:53:00,Unknown,66.20994998300534,Average
891,40.0,32851.940804275786,M,La,2022-07-03,2023-11-06 18:07:00,Inactive,98.50783178834163,Good
892,42.0,54744.33222035063,Other,Unknown,2022-08-09,,Unknown,33.31830287957689,Average
894,63.0,45853.89319343335,F,Unknown,2022-11-02,2023-12-05 22:28:00,Inactive,57.33299624294588,No Feedback
895,34.0,41132.33901260128,Unknown,New York,2022-10-05,2023-05-11 03:20:00,Inactive,50.70839783564868,Bad
896,77.0,37521.970662698135,Unknown,New York,2022-11-26,,Unknown,43.11754526874338,Good
897,75.0,37164.718149684,F,Unknown,2022-01-09,2023-07-08 10:38:00,Pending,48.33566259532016,No Feedback
898,63.0,70711.54893776859,M,La,2022-07-03,2023-07-08 10:38:00,Unknown,72.99181379397253,No Feedback
899,15.0,60973.37473766101,M,La,2022-03-11,,Unknown,27.238380780869758,Bad
900,27.0,79137.13758551149,Male,New York,2022-03-22,2023-07-11 08:53:00,Suspended,44.49986537697097,Good
901,65.0,100396.75783308512,Male,New York,2022-02-17,,Inactive,74.98000415645006,No Feedback
902,70.0,23392.17736181704,Unknown,Nyc,2022-04-10,,Unknown,69.67429387055995,No Feedback
903,76.0,67601.57416883546,F,Unknown,2022-06-25,,Inactive,27.54828122099513,No Feedback
904,46.0,37627.61331132881,Unknown,New York,2022-12-11,2023-01-03 03:13:00,Pending,46.34816244437909,Bad
905,44.0,75777.98596066902,Unknown,New York,2022-02-23,,Active,64.56015695668054,No Feedback
906,43.0,54561.75997853128,F,Unknown,2022-07-22,2023-05-11 03:20:00,Unknown,63.268562386421934,Good
907,63.0,60546.45521728347,Male,La,2022-02-18,,Unknown,69.50269042486576,No Feedback
908,59.0,34336.45144140384,Unknown,New York,2022-05-03,2023-05-02 09:32:00,Unknown,57.68571776334596,No Feedback
909,44.0,51471.45949773665,Unknown,New York,2022-10-14,,Inactive,61.03906295991568,Good
910,30.0,61793.24502216519,Male,Los Angeles,2022-08-09,,Pending,56.85592843854317,Good
911,54.0,87121.56293613417,Unknown,New York,2022-11-05,,Suspended,81.59466155055782,Bad
912,33.0,44108.78945182891,Female,Nyc,2022-08-15,,Unknown,41.56377641137564,No Feedback
913,32.0,48986.16856939374,Female,New York,2022-12-11,,Pending,50.96382325890434,No Feedback
914,15.0,78885.79284364563,Male,Nyc,2022-10-17,,Unknown,29.700623353645813,Good
915,61.0,42813.194326013785,Female,La,2022-12-05,2023-03-01 07:07:00,Suspended,25.759564663911757,No Feedback
916,47.0,82847.70287948252,Other,Nyc,2022-12-10,,Pending,56.49913402116762,No Feedback
917,52.0,59818.26850547488,F,Unknown,2022-12-19,,Active,35.516274681162955,Good
918,65.0,66062.45923183687,F,La,2022-02-16,2023-10-09 06:21:00,Unknown,48.84628794205288,No Feedback
919,77.0,67350.44605018741,Male,La,2022-10-19,2023-05-11 03:20:00,Inactive,82.35498621048418,Bad
920,18.0,47675.58893186784,M,Nyc,2022-08-07,,Pending,81.19875404745642,No Feedback
921,15.0,67797.7363894479,Unknown,Unknown,2022-12-10,2023-06-03 12:42:00,Pending,94.480895573766,Good
922,22.0,44552.60431371399,Male,New York,2022-03-03,,Active,82.75305016798242,Good
923,43.0,49957.9399180224,Female,Los Angeles,2022-11-05,2023-11-06 18:07:00,Unknown,98.0603638357098,No Feedback
924,69.0,71173.81932066551,Unknown,Unknown,2022-01-05,2023-11-06 18:07:00,Unknown,58.73059335625122,No Feedback
925,17.0,65867.87911283805,M,New York,2022-12-11,,Unknown,31.93958834710833,No Feedback
926,46.0,58500.700983219045,Female,Los Angeles,2022-06-06,2023-05-11 03:20:00,Inactive,29.992148610290396,Good
927,24.0,34825.367014739786,Unknown,Los Angeles,2022-08-14,,Pending,77.9266121488304,No Feedback
928,48.0,39816.8342130074,Other,New York,2022-10-26,,Suspended,51.0325300562084,Good
929,69.0,65534.180878099694,Female,Unknown,2022-11-26,,Pending,52.52263031692031,No Feedback
930,46.0,74642.81126970232,Other,Unknown,2022-06-06,,Inactive,39.01857824092373,No Feedback
931,64.0,37807.08990958486,Unknown,New York,2022-11-24,2023-05-10 11:53:00,Pending,41.41652120701435,Average
932,21.0,43203.49505095665,Other,La,2022-02-10,2023-10-09 01:47:00,Active,57.67518579553851,Average
933,22.0,62683.70348355439,Unknown,New York,2022-12-09,,Pending,28.895530197519264,Good
934,79.0,62255.75725258187,Unknown,Los Angeles,2022-03-21,,Pending,55.14276931616191,No Feedback
935,71.0,27520.855824779177,Unknown,Unknown,2022-11-07,,Suspended,80.22160390270258,Bad
936,73.0,63231.26026879978,Unknown,New York,2022-11-07,,Active,7.327283166823584,Bad
937,68.0,48032.64379539563,Unknown,Nyc,2022-05-15,2023-06-02 19:32:00,Active,19.17376243845773,Average
938,65.0,92820.93259457916,Female,Los Angeles,2022-03-06,2023-04-02 16:03:00,Pending,63.51219923006117,No Feedback
939,22.0,64983.97085471312,Unknown,Nyc,2022-12-10,2023-08-07 12:58:00,Unknown,77.27935747321726,Average
940,48.0,68429.46899751805,Female,Los Angeles,2022-02-10,,Suspended,40.202145397206365,Good
941,49.0,68947.18604381222,Unknown,New York,2022-11-20,2023-06-06 11:07:00,Pending,10.03518769910923,No Feedback
942,46.0,35721.45238694872,Other,Unknown,2022-05-16,2023-12-06 15:16:00,Pending,78.63848347881503,Bad
943,60.0,98877.53786217206,Unknown,Los Angeles,2022-10-19,2023-12-06 15:16:00,Inactive,33.778696961709514,No Feedback
944,30.0,27541.77505097653,Unknown,La,2022-11-02,,Inactive,42.77507314144775,No Feedback
945,51.0,75914.06283399485,M,Nyc,2022-11-03,2023-06-11 01:42:00,Unknown,56.38089744639553,Good
946,68.0,72373.27874961299,Unknown,Nyc,2022-11-22,,Suspended,36.67133256178485,Average
947,28.0,50459.9524017408,Unknown,New York,2022-10-05,2023-12-12 03:17:00,Unknown,32.477405456856104,Good
948,69.0,73329.00633426779,Other,New York,2022-07-26,,Inactive,32.843996148718226,No Feedback
949,62.0,53648.536023525245,F,La,2022-11-05,,Unknown,87.15857121855366,Bad
950,21.0,46490.77110288444,Other,Unknown,2022-07-15,2023-08-04 09:25:00,Active,73.19227176850562,No Feedback
951,21.0,69391.18338705855,M,Nyc,2022-12-18,2023-06-06 11:07:00,Inactive,61.49034681234363,No Feedback
952,47.0,39868.78017824196,F,Nyc,2022-03-22,,Inactive,6.271335485308676,No Feedback
953,37.0,55514.896824848605,Male,La,2022-08-11,,Suspended,61.56383790111174,No Feedback
954,33.0,48116.46502540085,Male,Los Angeles,2022-03-21,2023-07-11 08:53:00,Unknown,60.48400416818939,No Feedback
955,33.0,53280.4098085411,M,Los Angeles,2022-11-01,2023-06-03 13:51:00,Unknown,24.43733719629668,No Feedback
956,50.0,68654.57198260368,Other,New York,2022-04-23,2023-09-08 11:25:00,Inactive,55.17420266947666,No Feedback
957,43.0,48112.67255307588,Female,Unknown,2022-08-11,,Inactive,71.02984992517378,Average
958,74.0,56153.52173855271,M,New York,2022-01-05,2023-12-05 22:28:00,Suspended,61.387318371875466,No Feedback
959,16.0,49937.09496196837,Unknown,Nyc,2022-11-03,2023-06-03 12:42:00,Suspended,36.39661196599548,Good
960,15.0,88879.93331149092,F,Unknown,2022-11-26,2023-12-06 15:16:00,Unknown,50.26529286167946,No Feedback
961,61.0,66852.2479642778,F,Unknown,2022-06-10,2023-05-11 03:20:00,Unknown,64.60713862402397,Good
962,34.0,64401.39265933439,Unknown,New York,2022-11-02,2023-11-08 21:25:00,Active,51.18904068435299,No Feedback
963,25.0,73668.37009246848,Male,Unknown,2022-10-17,2023-10-10 06:47:00,Unknown,75.0856977821379,No Feedback
964,16.0,48117.30846450227,F,Unknown,2022-11-22,,Active,57.913631136802174,No Feedback
965,26.0,77185.14449999681,M,Los Angeles,2022-03-22,,Pending,65.05845330575661,No Feedback
966,34.0,66923.55491665483,F,Los Angeles,2022-03-01,,Inactive,66.4280129398352,Average
967,19.0,28782.18194491869,M,Los Angeles,2022-10-05,2023-09-08 11:25:00,Unknown,28.666345933882734,No Feedback
968,51.0,31439.383337984706,Female,Unknown,2022-11-04,,Unknown,50.999720707133584,Good
969,52.0,48554.05894431869,Unknown,New York,2022-03-22,2023-03-01 07:07:00,Inactive,43.35291052962071,Good
970,23.0,33579.870082696594,Male,Unknown,2022-11-20,,Unknown,70.87691989614157,No Feedback
971,67.0,55234.430786008335,F,Los Angeles,2022-07-26,,Unknown,59.264660934080496,No Feedback
972,58.0,39725.24017168272,M,Unknown,2022-11-20,,Unknown,46.2357507578882,Average
973,38.0,58045.53893858162,Other,Los Angeles,2022-08-08,2023-06-11 01:42:00,Inactive,24.36297193114674,Average
974,44.0,88234.18751862911,Male,Los Angeles,2022-06-06,,Unknown,18.06183335758918,Average
975,73.0,59012.4619288763,Female,New York,2022-06-06,2023-02-11 13:01:00,Suspended,56.20685239889907,Good
976,28.0,53940.71090196143,M,New York,2022-08-20,2023-08-04 09:25:00,Inactive,35.6557464553308,No Feedback
977,23.0,67764.85295570688,Unknown,La,2022-11-07,2023-08-04 09:25:00,Unknown,63.32252936194466,No Feedback
978,54.0,46071.60414154793,Unknown,New York,2022-11-26,,Unknown,17.137194698475476,Average
979,47.0,76868.28618791999,Unknown,New York,2022-11-24,,Pending,81.85902396417781,Good
980,39.0,69904.25906248223,Unknown,La,2022-06-06,,Active,63.277281798633496,Good
981,36.0,60777.31124097128,Female,La,2022-11-02,,Unknown,51.98370179955455,No Feedback
982,18.0,63086.316632671726,Female,Los Angeles,2022-05-21,,Pending,83.66117872805464,No Feedback
983,40.0,100834.91821125704,Unknown,Unknown,2022-06-25,,Suspended,68.96835868442272,No Feedback
984,72.0,78846.24420535736,F,Los Angeles,2022-11-25,,Unknown,40.49993522765912,Average
985,43.0,103990.53262322668,F,Unknown,2022-12-10,,Pending,51.55152619556658,Average
986,51.0,70640.60386584904,M,La,2022-03-21,,Unknown,10.71451400370509,No Feedback
987,32.0,30566.171146586235,Other,Nyc,2022-10-26,,Inactive,71.28380621097702,No Feedback
988,56.0,54756.52594272318,M,New York,2022-11-24,,Unknown,44.08096644016556,Average
989,55.0,25995.90250903868,Other,La,2022-10-14,,Pending,10.455503095220358,No Feedback
990,52.0,70566.06069333837,Female,Nyc,2022-03-01,,Unknown,26.36322861182017,Good
991,48.0,74908.08394690804,Male,Nyc,2022-12-18,,Inactive,67.4182409689882,Average
992,31.0,42281.68008081442,M,Nyc,2022-05-03,,Inactive,82.27605430072306,Good
993,51.0,46887.27240706293,M,Los Angeles,2022-10-14,2023-06-06 11:07:00,Unknown,50.40851037836174,Bad
994,39.0,62975.01792470431,Other,Los Angeles,2022-04-23,2023-04-03 23:53:00,Pending,30.358973160142128,No Feedback
995,41.0,36037.91873471564,Female,Unknown,2022-02-17,,Unknown,21.58500620641796,Bad
996,71.0,34536.80461514934,Female,Unknown,2022-01-04,,Unknown,78.29229236282217,Average
997,45.0,84772.64096082242,Unknown,Nyc,2022-04-10,,Active,58.98935556894455,Good
998,20.0,62294.21236327937,Other,Unknown,2022-02-16,,Pending,43.39720758710507,Average
999,54.0,48837.81284588088,Female,Los Angeles,2022-05-21,2023-12-01 20:59:00,Active,38.63456427848918,Bad
1000,26.0,26157.622228855616,Unknown,Los Angeles,2022-08-08,,Unknown,63.43659275467257,Average
